card_title,card_type,illustrator_name
Monument to Ludo,Artifact,Natalie Russo
Matter Maker,Artifact,David Tenorio
Trojan Sauropod,Artifact,Dong Cheng
Exploratory Craft,Artifact,Leandro Franci
Echo Pearl,Artifact,Gong Studios
Screaming Cave,Artifact,Gong Studios
Mutagenic Serum,Artifact,Timur Shevtsov
Font of the Eye,Artifact,Radial Studio
Whirpool Eddy,Artifact,Chris Bjors
Widespread Corruption,Artifact,Jessé Suursoo
Heart of the Forest,Artifact,Alyn Spiller
Library of Babble,Artifact,BalanceSheet
Altruist’s Rostrum,Artifact,Vladimir Kafanov
Creed of Nature,Artifact,Marzena Piwowar
World Tree,Artifact,Andrew Bosley
Bear Flute,Artifact,Atha Kanaani
Universal Keylock,Artifact,Gong Studios
Heavy Subsidies,Artifact,Monztre
Book of Malefaction,Artifact,David Tenorio
Soul Snatcher,Artifact,Mark Bulahao
Shard of Knowledge,Artifact,Andreas Zafiratos
Shard of Hate,Artifact,Andreas Zafiratos
Celestial Gorm,Artifact,Vladimir Kafanov
The Æmber Road,Artifact,Caravan Studio
Isotropic Core,Artifact,Dany Orizio
Primal Relic,Artifact,Monztre
The Colosseum,Artifact,Tomek Larek
Broken Axe Outpost,Artifact,BalanceSheet
Æmber Conduction Unit,Artifact,Timur Shevtsov
Transporter Platform,Artifact,Marko Fiedler
Swift Current,Artifact,Alexandre Leoni
Ganymede Outpost,Artifact,BalanceSheet
Primordial Vault,Artifact,Alexey Iavtushenco
Soul Fiddle,Artifact,Liiga Smilshkalne
Potion of Invulnerability,Artifact,Atha Kanaani
Dark Æmber Vault [sanctum],Artifact,Dany Orizio
Mobius Scroll,Artifact,Gong Studios
Feeding Pit,Artifact,Kristen Pauline
Strange Gizmo,Artifact,Gong Studios
Commpod,Artifact,Grigory Serov
Plan 10,Artifact,Harumi Namba
Kelping Hands,Artifact,Marko Fiedler
Sobogg’s Thingamabob,Artifact,Monztre
Flea Market,Artifact,Alexandre Leoni
Kiligog’s Trench,Artifact,Sean Donaldson
Ruins of Archonis,Artifact,BalanceSheet
Library of Polliasaurus,Artifact,Nasrul Hakim
Speed Sigil,Artifact,Gong Studios
Epic Quest,Artifact,Andrew Bosley
Tachyon Manifold,Artifact,Leo Sá
Lucky Dice,Artifact,Vladimir Zyrianov
Hymn to Duma,Artifact,Caravan Studio
Gambling Den,Artifact,Marko Fiedler
Pestergrove,Artifact,Marko Fiedler
Auto-Encoder,Artifact,Dany Orizio
Key to Dis,Artifact,Grigory Serov
Anomaly Exploiter,Artifact,Gong Studios
Curse of Spontaneity,Artifact,Caravan Studio
Ritual of Balance,Artifact,Quentin de Warren
Fetchdrones,Artifact,Gong Studios
Dead Man’s Chest,Artifact,Gong Studios
Nyyon Outpost,Artifact,BalanceSheet
The First Scroll,Artifact,David Tenorio
Dark Æmber Vault [star alliance],Artifact,Dany Orizio
Replay Pod,Artifact,Brandon Hunt
Psychic Haze,Artifact,Leo Sá
Shard of Life,Artifact,Andreas Zafiratos
The Sting,Artifact,David Auden Nash
Recruiting Station,Artifact,Djib
Ekwirrĕ’s Fulcrum,Artifact,Scott Schomburg
Monument to Shrix,Artifact,Natalie Russo
Bottomless Depths,Artifact,Scott Schomburg
Crassosaurus,Creature,Art Tavern
Monty Bank,Creature,Marko Fiedler
Groggins,Creature,Rudy Siswanto
Harvest Skimmer,Creature,Rodrigo Gonzalez Toledo
Abyssal Zealot,Creature,Brolken
Brobnar Plant,Creature,Marko Fiedler
The Shadowsmith,Creature,Mihai Radu
Glyxl Proliferator,Creature,Timur Shevtsov
Master of the Grey,Creature,Angelina Chernyak
Techno-Knight,Creature,Andreas Zafiratos
Memrox the Red,Creature,Art Tavern
The Curator,Creature,Marzena Piwowar
Lamindra,Creature,Mihai Radu
Forgemaster Og,Creature,Jordan Kerbow
Alien Horror,Creature,Hypersteve
Chancellor Dexterus,Creature,Borja Pindado
Bot Bookton,Creature,Gabriel Scavariello
Halacor,Creature,Timur Shevtsov
Nirbor Flamewing,Creature,Brolken
Dr. Escotera,Creature,Bogdan Tauciuc
Qyxxlyx Plague Master,Creature,Mateusz Mizak
Tyxl Beambuckler,Creature,Djib
Liam Say,Creature,Felipe Martini
Fuguru,Creature,Tomek Larek
Skullion,Creature,Caio Monteiro
Te-wheke Kraken,Creature,Roman Semenenko
Ælbia Stray,Creature,Colin Searle
Taniwha,Creature,Brolken
Specialist Guthrak,Creature,Diego Gisbert
Chaosodon,Creature,Kevin Sidharta
Culf the Quiet,Creature,John Silva
Quixo the “Adventurer”,Creature,David Auden Nash
Gatewatcher,Creature,David Tenorio
Jackpot Greene,Creature,Scott Schomburg
Mugwump,Creature,Nicholas Gregory
Grabber Jammer,Creature,Regis Torres
Thero Centurion,Creature,Timur Shevtsov
Gezrăhi Blacksmith,Creature,Colin Searle
Hapsis,Creature,Nicola Saviori
Censor Philo,Creature,Marc Escachx
CALV-1N,Creature,Jason Juta
Corporal Bridger,Creature,Julia Alentseva
Rhetor Gallim,Creature,Djib
Llack Gaboon,Creature,Girma Moges
Doctor Driscoll,Creature,Adam Schumpert
Dust Pixie,Creature,Atha Kanaani
Yantzee Gang,Creature,Gabriel Rubio
Eunoia,Creature,Natalie Russo
Firespitter,Creature,Nicola Saviori
Almsmaster,Creature,Ivan Tao
Shield Tentacle,Creature,Kevin Sidharta
Xanthyx Harvester,Creature,Grigory Serov
Roxador,Creature,Caio Monteiro
Æmber Imp,Creature,Regis Torres
Pip Pip,Creature,Felipe Martini
Macis Asp,Creature,Pedro Dutra
Dæmo-Beast,Creature,Chris Bjors
Commander Chan,Creature,Colin Searle
Dark Centurion,Creature,Vladimir Zyrianov
Techivore Pulpate,Creature,BalanceSheet
Timoti the Dammed,Creature,Dany Orizio
Old Boomy,Creature,Alexandre Leoni
Hukaru Icefin,Creature,Ilham Zaka
Eldritch Synan,Creature,Jeferson Cordeiro
Inka the Spider,Creature,Melvin Chan
Shrewd Investor,Creature,Grigory Serov
Draco Praeco,Creature,Mircea Nicula
Opal Knight,Creature,Mateusz Mizak
Techno-Beast,Creature,Chris Bjors
Awakened Titan,Creature,Scott Schomburg
Hapless Cadet,Creature,Brandon Hunt
Niffle Queen,Creature,Caio Monteiro
Boiler,Creature,Marko Fiedler
Ether Spider,Creature,Randall Mackey
Yxilx Dominator,Creature,Timur Shevtsov
J. Vinda,Creature,Chris Bjors
Shield-U-Later,Creature,Jessé Suursoo
Warfaline,Creature,Régis Torres
High Priest Torvus,Creature,Marc Escachx
Tangimangi,Creature,Caravan Studio
Purple Aeronaut,Creature,Felipe Martini
Brachiaditus,Creature,Edgar Hidalgo
Sporegorger,Creature,Adam Vehige
Maruck the Marked,Creature,David Auden Nash
Gloriana’s Attendant,Creature,Allon Kremer
LCdr. Trigon,Creature,Rodrigo Camilo
Securi-Droid,Creature,Natalie Russo
Ihaka of the Depths,Creature,Nasrul Hakim
Shadys,Creature,Kevin Sidharta
Lyco-Knight,Creature,Andreas Zafiratos
Memette,Creature,Jessada Sutthi
Lifting Buddy,Creature,Grigory Serov
Mnemoleech,Creature,Marko Fiedler
Untamed Plant,Creature,Marko Fiedler
Echo Guardian,Creature,Djib
Skeletal Murmook,Creature,Adam Vehige
Reckless Rizzo,Creature,Andreas Zafiratos
Grovekeeper,Creature,Angelo Bortolini
Ol’ Paddy,Creature,Tomek Larek
Yanthi Ghostfin,Creature,Diego Gisbert
Babbling Bibliophile,Creature,Gong Studios
Protectrix,Creature,Asep Ariyanto
Umbra-Beast,Creature,Chris Bjors
CXO Taber,Creature,Josh Corpuz
Teleporter Chief Tink,Creature,Gabriel Scavariello
Veylan Analyst,Creature,Matt Zeilinger
Giltspine Mesmerist,Creature,Brolken
Bonesaw,Creature,Gabriel Rubio
Dino-Knight,Creature,Andreas Zafiratos
Flounderight,Creature,Adam Vehige
Imperator Drusilla,Creature,Kevin Sidharta
Mooncurser,Creature,Maria Poliakova
Æmberfly,Creature,Klyde Sosa
Harmonia,Creature,Lorena Lammer
Professor Terato,Creature,Nasrul Hakim
Haunting Witch,Creature,Helena Butenkova
Philophosaurus,Creature,Caio Monteiro
Portalmonger,Creature,Girma Moges
Storm Crawler,Creature,Michele Giorgi
Crewman Jörg,Creature,Gabriel Scavariello
Rotgrub,Creature,Radial Studio
Eldest Bear,Creature,Mihai Radu
Silver Key Imp,Creature,Rodrigo Camilo
Talent Scout,Creature,Vladimir Kafanov
Webstur,Creature,Dany Orizio
Prescriptive Grammarbot,Creature,Caravan Studio
Titan Engineer,Creature,Brolken
Bigtwig,Creature,Adam Vehige
Chronophage,Creature,BalanceSheet
Brash Grabber,Creature,Régis Torres
Sir Marrows,Creature,Radial Studio
PYR*0,Creature,JB Casacop
Agent Hoo-man,Creature,Marko Fiedler
Marshal Ewer,Creature,Radial Studio
Physaloha,Creature,Adam Vehige
Green Aeronaut,Creature,Felipe Martini
Rorag Screamer,Creature,Ramon Puasa Jr
Ancient Yurk,Creature,Michele Giorgi
Sergeant Zakiel,Creature,David Auden Nash
Azuretooth,Creature,JB Casacop
Dark Queen Gloriana,Creature,Mateusz Mizak
Missile Officer Myers,Creature,Michael Angelo Dulay
Odoac the Patrician,Creature,Caravan Studio
Stealer of Souls,Creature,Jorge Ramos Márquez
Talmage Steelheart,Creature,Gabriel Scavariello
Francis the “Economist”,Creature,Dany Orizio
Diplomat Agung,Creature,Chris Bjors
Witch Queen,Creature,JB Casacop
Guji Dinosaur Hunter,Creature,Dong Cheng
Chota Hazri,Creature,Rodrigo Camilo
Tangler,Creature,Djib
Squire Alys,Creature,Helena Butenkova
Gargantodon,Creature,Brolken
Scout Pete,Creature,Marko Fiedler
Wurm Tunnel,Action,Djib
Trihard,Creature,Evander Ravanelli
Pendra’s Box,Upgrade,Hygor Domingues
Aurascope,Artifact,Franklin Fernandes
Infinity Strop,Action,Paolo Puggioni
Flip Stallard,Creature,Arthur Magalhaes
Pismire,Creature,Girma Moges
Trimble,Creature,Tomek Larek
Ravening Morphazoid,Creature,Borja Pindado
Sanitation Engineer,Creature,Caravan Studio
General Xalvador,Creature,Brolken
Bad Penny,Creature,Nasrul Hakim
Tezmal,Creature,Liiga Smilshkalne
Kassiel the Benevolent,Creature,Nino Vecia
Grey Augur,Creature,Leonardo Santanna
Medicus Lacus,Creature,Konstantin Turovec
Fidgit,Creature,Grigory Serov
Knoxx,Creature,Rudy Siswanto
Velum,Creature,Hans Krill
Seeker of Truth,Creature,Gabriela Marchioro
Catena Fiend,Token Creature,Arthur Magalhaes
Æmberologist,Token Creature,Allefer Souza
Terrordactyl,Creature,Gabriel Rubio
Fandangle,Creature,Konstantin Porubov
"Orphion, Land’s Chosen",Creature,Liiga Smilshkalne
Keyfrog,Creature,Marko Fiedler
Logos Plant,Creature,Marko Fiedler
Navigator Ali,Creature,Gabriel Scavariello
"Mercy, Malkin Queen",Creature,David Auden Nash
Katerina the Summoner,Creature,Leandro Franci
Ember Imp,Creature,Gong Studios
Martyr of the Vault,Creature,Wirawan Pranoto
Chenille,Creature,Liiga Smilshkalne
Scout Chief Korijir,Creature,Flaviano Pivoto
Numquid the Fair,Creature,Eric Kenji Aoyagi
Selwyn the Fence,Creature,Gizelle Karen Baluso
Sibyl Waimare,Creature,Colin Searle
Noname,Creature,Grigory Serov
Aristotlmimus,Creature,Tomek Larek
Praetor Marius,Creature,Ilham Zaka
Siphonapterian,Creature,Mike Parker
Senator Bracchus,Creature,Tomek Larek
Tomwa of the Glow,Creature,Lucas Firmino
Xyp the Implanter,Creature,Marko Fiedler
Star Alliance Plant,Creature,Marko Fiedler
“Bubbles”,Creature,Felipe Martini
Bulwark,Creature,Eric Kenji Aoyagi
The Shadow Council,Creature,Nasrul Hakim
Platopelta,Creature,Tomek Larek
Valoocanth,Creature,Gabriel Rubio
Briar Grubbling,Creature,David Auden Nash
Baldric the Bold,Creature,Radial Studio
Quartermaster “Botty”,Creature,Brian Adriel
Binary Moray,Creature,BalanceSheet
Techno-Thief,Creature,Mihai Radu
Urchin,Creature,Preston Stone
The Feathered Shaman,Creature,Josh Corpuz
"Aquilia, Lone Hero",Creature,Brolken
"Panpaca, Anga",Creature,Liiga Smilshkalne
Horseman of Death,Creature,Eric Kenji Aoyagi
Seabringer Kekoa,Creature,Angelo Bortolini
Ganger Chieftain,Creature,Forrest Imel
Krump,Creature,Brolken
Away Team,Creature,Marko Fiedler
Angry Mob,Creature,Vladimir Kafanov
Commander Remiel,Creature,Caravan Studio
Dr. Xyloxxzlphrex,Creature,Djib
Livia the Elder,Creature,Tomek Larek
Loyal Packmate,Creature,Natalie Russo
Commander Dhrxgar,Creature,Fábio Perez
Alaka,Creature,Timur Shevtsov
Tireless Crocag,Creature,Gabriel Rubio
Old Yurk,Creature,Michele Giorgi
Marmo Swarm,Creature,Natalie Russo
Po’s Pixies,Creature,Raphael Massarani
Barrister Joya,Creature,Gabriela Marchioro
Plague Rat,Creature,Jordan Kerbow
Mab the Mad,Creature,Natalie Russo
White Aeronaut,Creature,Felipe Martini
Dreadbone Decimus,Creature,Rodrigo Camilo
Kartanoo,Creature,Vladimir Kafanov
Pelf,Creature,Michele Giorgi
Slimy Jark,Creature,Fábio Perez
Redlock,Creature,Mihai Radu
Aedile Tullia,Creature,Marzena Piwowar
Tactical Officer Moon,Creature,Colin Searle
Sandwyrm,Creature,Roman Semenenko
Crash Muldoon,Creature,Mateusz Mizak
Stealthster,Creature,Roman Semenenko
Umbra-Knight,Creature,Andreas Zafiratos
Teliga,Creature,David Auden Nash
Titan Mechanic,Creature,Grigory Serov
Shoulder Id,Creature,Helena Butenkova
Kompsos Haruspex,Creature,Dany Orizio
Rothais the Fierce,Creature,Rodrigo Camilo
Deepwood Druid,Creature,Allon Kremer
Lieutenant Khrkhar,Creature,Yan Kyohara
General Sherman,Creature,Roman Semenenko
Bumblebird,Creature,Natalie Russo
Dark Minion,Creature,Vladimir Zyrianov
Lapisaurus,Creature,Steve Ellis
Ghosthawk,Creature,Liiga Smilshkalne
Snufflegator,Creature,Caravan Studio
Z-Force Agent 14,Creature,Vladimir Zyrianov
Toad,Creature,Konstantin Turovec
Witch of the Wilds,Creature,Maerel Hibadita
Gizelhart’s Zealot,Creature,David Keen
Sacro-Saurus,Creature,David Auden Nash
Titan Guardian,Creature,Angelo Bortolini
Lord Invidius,Creature,Caio Monteiro
Molephin,Creature,Cindy Avelino
Praefectus Ludo,Creature,Gong Studios
Cephaloist,Creature,Adam Vehige
Uxlyx the Zookeeper,Creature,Nasrul Hakim
Omnipus,Creature,John Silva
Lyco-Saurus,Creature,David Auden Nash
Bloodshard Imp,Creature,Monztre
Francus,Creature,Caravan Studio
Grumpus Tamer,Creature,Rodrigo Camilo
The Old Tinker,Creature,Marc Escachx
Scooboo,Creature,Chris Bjors
Touchstone,Creature,Ivan Tao
Gladiodontus,Creature,Vladimir Kafanov
Weasand,Creature,Pedro Dutra
Orator Hissaro,Creature,Mihai Radu
Phloxem Spewer,Creature,Robert Ardy
Subtle Otto,Creature,Mihai Radu
Mad Prophet Gizelhart,Creature,Cindy Avelino
Explo-rover,Creature,Colin Searle
Wrath,Creature,Michele Giorgi
Abond the Armorsmith,Creature,Angelo Bortolini
Mighty Tiger,Creature,Adam Vehige
EDAI “Edie” 4x4,Creature,Gong Studios
Hard Simpson,Creature,Michele Giorgi
Brammo,Creature,Mateusz Mizak
Hexpion,Creature,Grigory Serov
5C077,Creature,Radial Studio
Witch of the Dawn,Creature,David Auden Nash
Ensign El-Samra,Creature,Colin Searle
Berinon,Creature,Andreas Zafiratos
Doc Bookton,Creature,Gong Studios
Champion Anaphiel,Creature,Forrest Imel
Pride,Creature,Michele Giorgi
Lashing Tentacle,Creature,Kevin Sidharta
Necromorph,Creature,Dany Orizio
Senator Quintina,Creature,Cindy Avelino
Mindwarper,Creature,Timur Shevtsov
Horseman of Famine,Creature,Eric Kenji Aoyagi
Little Niff,Creature,Andrew Bosley
Captain Val Jericho,Creature,David Auden Nash
Infomorph,Creature,BalanceSheet
Badgemagus,Creature,Brian Fajardo
Legionary Trainer,Creature,Ivan Tao
Piranha Monkeys,Creature,Bogdan Tauciuc
Desire,Creature,Michele Giorgi
Protective Playmate,Creature,Ronnie Price
Lieutenant Valmart,Creature,David Tenorio
Kangaphant,Creature,Tomek Larek
Ganymede Archivist,Creature,Matt Zeilinger
Soleft,Creature,Adam Vehige
Grey Monk,Creature,Mads Ahm
Hobnobber,Creature,Marc Escachx
Floomf,Creature,Natalie Russo
Sci. Officer Morpheus,Creature,Djib
Dark Harbinger,Creature,Leandro Franci
Fifalde,Creature,Liiga Smilshkalne
Lieutenant Gorvenal,Creature,Caio Monteiro
Cincinnatus Rex,Creature,Vladimir Kafanov
Rowdy Skald,Creature,Brandon Hunt
Com. Officer Palik,Creature,Scott Schomburg
Imprinted Murmook,Creature,Jacob Walker
Mega Alaka,Creature,Timur Shevtsov
Dew Faerie,Creature,Regis Torres
Witch of the Eye,Creature,Maria Poliakova
Relentless Creeper,Creature,Michele Giorgi
Rumor-sower,Creature,Edgar Hidalgo
Sparkfist,Creature,Radial Studio
Tick-Tock,Creature,JB Casacop
Citizen Shrix,Creature,Monztre
Consul Primus,Creature,Dany Orizio
Umbra-Alien,Creature,Colin Searle
Retrotechnician Le,Creature,Julia Alentseva
Horseman of Pestilence,Creature,Eric Kenji Aoyagi
Bestiarii Urso,Creature,Sean Donaldson
Rustmiser,Creature,Michele Giorgi
Sloth,Creature,Michele Giorgi
Precocious Fragment,Creature,Amanda Duarte
Scyphos,Creature,Liiga Smilshkalne
Transitory Philosopher,Creature,Andreas Zafiratos
Tricerian Legionary,Creature,Nicola Saviori
Adaptoid,Creature,Grigory Serov
Yxilo Bolter,Creature,Grigory Serov
Wikolia,Creature,Michele Giorgi
Ixxyxli Fixfinger,Creature,Natalie Russo
Zysysyx Shockworm,Creature,Chris Bjors
Lumilu,Creature,Natalie Russo
Duma the Martyr,Creature,Eric Kenji Aoyagi
Bryozoarch,Creature,Liiga Smilshkalne
Yxl the Iron Captain,Creature,Colin Searle
Phalanx Leader,Creature,Dany Orizio
Mastermindy,Creature,David Tenorio
"Myx, the Tallminded",Creature,Leandro Franci
Tantadlin,Creature,Iqnatius Budi
Scowly Caper,Creature,Gabriel Rubio
Fanghouse,Creature,Mihai Radu
Forgotten Guardian,Creature,Diego Mattos
Covetous Hema,Creature,Radial Studio
Dæmo-Knight,Creature,Andreas Zafiratos
Lightsmith Clariel,Creature,Radial Studio
Mollymawk,Creature,Fábio Perez
Revo Hooligans,Creature,Colin Searle
Squallmaster,Creature,Jessada Sutthi
Giant Sloth,Creature,Timur Shevtsov
Zorg,Creature,BalanceSheet
Faust the Great,Creature,Dany Orizio
Streke,Creature,Monztre
Urien the Circumspect,Creature,JB Casacop
Shadowsaurus,Creature,Monztre
Odd Clawde,Creature,Hans Krill
Research Smoko,Creature,Gong Studios
Borr Nit,Creature,Grigory Serov
One-Eyed Willa,Creature,Hendry Iwanaga
Paraguardian,Creature,Gabriel Rubio
Breaker Hill,Creature,Gong Studios
Blypyp,Creature,Maria Poliakova
Lyco-Thief,Creature,Mihai Radu
Glimmer,Creature,Jacqui Davis
"Zavel, “Archaeologist”",Creature,Filipe Laurentino
Smiling Ruth,Creature,David Auden Nash
Ornar Skullface,Creature,Tuttee Dino
Skybooster Squadron,Creature,Rodrigo Camilo
Tocsin,Creature,Gabriel Rubio
Shadows Ambassador,Creature,David Auden Nash
Kiri Giltspine,Creature,Vladimir Kafanov
Target Yynxzdyl,Creature,Marko Fiedler
Yzphyz Knowdrone,Creature,Mateusz Mizak
Sneklifter,Creature,Gong Studios
Ancestral Timekeeper,Creature,JB Casacop
Silvertooth,Creature,Sasha Tudvaseva
Hookmaster,Creature,Vladimir Zyrianov
Elenya the Charming,Creature,Jeferson Cordeiro
Holdfast,Creature,Tomek Larek
Lyco-Bot,Creature,Colin Searle
Lieutenant Halasta,Creature,Mike Parker
Dino-Beast,Creature,Chris Bjors
Brain Eater,Creature,Gong Studios
Blernean Hydra,Creature,Kaion Luong
Niffle Ape,Creature,Bogdan Tauciuc
Captain Kresage,Creature,Colin Searle
Nexus,Creature,Gong Studios
Novu Dynamo,Creature,Radial Studio
Jehu the Bureaucrat,Creature,Andrew Bosley
Grammaticus Thrax,Creature,Kevin Sidharta
CH-337A,Creature,Konstantin Turovec
Titan Librarian,Creature,Nasrul Hakim
Undagnathus,Creature,Roman Semenenko
Ghost Tree,Creature,Mariana Ennes
The Archivist,Creature,Dany Orizio
Gas-Pipes Malone,Creature,Brandon Hunt
Nurse Soto,Creature,Caravan Studio
Saurian Egg,Creature,Grigory Serov
Legendary Keyraken,Creature,Kevin Sidharta
Harland Mindlock,Creature,Bogdan Tauciuc
Dr. Milli,Creature,Grigory Serov
Quant,Creature,Alena Zhukova
The Chosen One,Creature,Mariana Ennes
Untamed Ambassador,Creature,David Auden Nash
Sea Urchin,Creature,Chris Bjors
Nyzyk Resonator,Creature,Bogdan Tauciuc
Antiquities Dealer,Creature,Stefano Gil
Bilgewarden,Creature,Grigory Serov
Tribute Collector,Creature,Nasrul Hakim
Abduct-o-Matic,Creature,Marko Fiedler
Zizok,Creature,Alexandre Leoni
Varad the Indulgent,Creature,Nasrul Hakim
Baron Mengevin,Creature,Rodrigo Camilo
Friendly Guide,Creature,Mad Boogie Creations
Reassembling Automaton,Creature,Gong Studios
Elite Disruptzord,Creature,Sonderflex Studio
Magistra Vita,Creature,Cindy Avelino
Sensor Chief Garcia,Creature,Josh Corpuz
Rose of Sharon,Creature,Xavi Planas
Defender,Token Creature,Surya Prasetya
Grumpus,Token Creature,Liiga Smilshkalne
Skirmisher,Token Creature,Kevin Sidharta
Strange Shell,Token Creature,Dany Orizio
Warrior,Token Creature,Leo Aveiro
Diplomat,Token Creature,Mad Boogie Creations
Trooper,Token Creature,Mihai Radu
Trader,Token Creature,Art Tavern
Researcher,Token Creature,Fábio Perez
Squire,Token Creature,Surya Prasetya
Scholar,Token Creature,Andreas Zafiratos
Senator,Token Creature,Grigory Serov
Killzord Mk. 9001,Upgrade,Grigory Serov
Earthbind,Upgrade,Marc Escachx
Reckless Experimentation,Upgrade,Gong Studios
Hoplite’s Dory,Upgrade,Mihai Radu
Prototype Harness,Upgrade,Filipe Laurentino
Way of the Wolf,Upgrade,Konstantin Turovec
Ring of Invisibility,Upgrade,Atha Kanaani
Way of the Bear,Upgrade,Gabriel Rubio
Rocket Boots,Upgrade,Nasrul Hakim
Officer’s Blaster,Upgrade,Gong Studios
Weak Link,Upgrade,Chris Bjors
FOF Transponder,Upgrade,Caravan Studio
Quadracorder,Upgrade,Natalie Russo
Light of the Archons,Upgrade,Alena Zhukova
Stunner,Upgrade,Caravan Studio
Fyre-Breath,Upgrade,Fábio Perez
Instrument of Silence,Upgrade,Cindy Avelino
Silent Dagger,Upgrade,Gong Studios
Ironyx Propaganda,Upgrade,Caravan Studio
Camouflage,Upgrade,Natalie Russo
Containment Field,Upgrade,Rodrigo Camilo
Overclocked Shock Collar,Upgrade,Filipe Laurentino
Insurance Policy,Upgrade,Tomek Larek
Armageddon Cloak,Upgrade,Andreas Zafiratos
Mole,Upgrade,Natalie Russo
Molina’s Blaster,Upgrade,Caravan Studio
Yo Mama Mastery,Upgrade,Caravan Studio
Jammer Pack,Upgrade,Caravan Studio
Friendship,Upgrade,David Auden Nash
Thoughtswim,Upgrade,BalanceSheet
Wild Spirit,Upgrade,Kristina Kolesnikova
Cloaking Dongle,Upgrade,BalanceSheet
Singing Scythe,Upgrade,Chris Bjors
Blast Shielding,Upgrade,Stanislav Dikolenko
Proton Siphon,Upgrade,Jason Juta
Mirror Shell,Upgrade,Brian Fajardo
Æmber-vac,Upgrade,Flaviano Pivoto
Protect the Weak,Upgrade,Radial Studio
Anachronometer,Upgrade,Kian Reglos
Kirby’s Blaster,Upgrade,Caravan Studio
Chan’s Blaster,Upgrade,Caravan Studio
Frane’s Blaster,Upgrade,Caravan Studio
Modular Exoskeleton,Upgrade,David Alunan
Control the Weak,Action,Gong Studios
It’s Coming...,Action,Brolken
Levy of Souls,Artifact,David Alunan
Thrall,Token Creature,Allefer Souza
Signal Faerie,Creature,Von Milano
Facet,Token Creature,Michael Angelo Dulay
Intrepid Exemplar,Creature,Evander Ravanelli
Rich Score,Action,Adrien Martinez
Steppe Wolf,Token Creature,Jeferson Cordeiro
Minion,Token Creature,Djib
Harlock,Creature,Klyde Sosa
Kharisma,Creature,Julio de Carvalho
Havoc,Creature,Evander Ravanelli
Echoing Deathknell,Action,Rodrigo Gonzalez Toledo
Ezra Paws,Creature,Leo Sá
Eldest Batchminder,Creature,Marko Fiedler
Curse of Cowardice,Artifact,Polar Engine
Ballistego,Creature,Kevin Sidharta
Lava Ball,Action,Quentin de Warren
"Dimo, Elderghast",Creature,Filipe Laurentino
Curse of Obstinacy,Artifact,Michele Giorgi
Spontaneous Awakening,Action,Michele Giorgi
Crogg the Clumsy,Creature,Brandon Hunt
Trawler,Creature,Edgar Hidalgo
Poltergeistoids,Action,Scott Schomburg
Synchronizer,Artifact,Scott Schomburg
Vulka,Creature,Michele Giorgi
Hallowed Eve Festival,Action,Brian Adriel
Veil of Ectoplasm,Action,BalanceSheet
Pitlord,Creature,Asep Ariyanto
Miss Chievous,Creature,Natalie Russo
Cull the Weak,Action,Radial Studio
Shadow of Dis,Action,Fábio Perez
Succubus,Creature,Mariusz Gandzel
Hallowed Shield,Artifact,Radial Studio
Ogopogo,Creature,Felipe Martini
Lady Loreena,Creature,Iqnatius Budi
Frost Giant,Creature,Reinaldo Rocha
Whistling Darts,Action,Sean Donaldson
Ritual of Life,Artifact,David Auden Nash
Rock-Hurling Giant,Creature,Caio Monteiro
Hologrammophone,Artifact,Gong Studios
Xarn Trax,Creature,Mad Boogie Creations
Snag,Creature,Michele Giorgi
Snag’s Mirror,Artifact,Michele Giorgi
Oath of Poverty,Action,Randall Mackey
Veemos Lightbringer,Creature,Andreas Zafiratos
War Grumpus,Creature,Mateusz Mizak
Clipped Wings,Action,Tuttee Dino
Hallafest,Action,Michele Giorgi
Monsquito,Creature,Paolo Puggioni
High Street Churn,Action,Edu Bokow
Cirrus Mace,Artifact,David Alunan
Briar Instar,Token Creature,Tuttee Dino
Searine,Creature,Leo Sá
Talon of Invidius,Creature,Alecksander Ribeiro
They Tell No Tales,Action,Julia Alentseva
Crepuscular Rays,Action,Leandro Notado
Brillix Ponder,Creature,Leo Sá
Change Agent,Creature,Allefer Souza
Transparency Report,Action,Ilham Zaka
Vendor Hyertula,Creature,Jeferson Cordeiro
Ethereal Adaptor,Upgrade,Franklin Fernandes
Onyx Knight,Creature,Mateusz Mizak
Com. Officer Hings,Creature,Gabriel Scavariello
On the Mark,Action,Jeferson Cordeiro
Slayer,Creature,Timur Shevtsov
Overlord Greking,Creature,Ilya Bondarenko
Snudge,Creature,Eric Kenji Aoyagi
Bosch the Unyielding,Creature,Rodrigo Camilo
Cauterize Vitality,Action,Paolo Puggioni
Vapor Imp,Creature,Klyde Sosa
Cogg Miller,Creature,Michael Angelo Dulay
Three Sheets to the Wind,Action,Atha Kanaani
Atomic Destabilizer,Upgrade,Edu Bokow
Ghoul-keeping,Action,Ira Fidler
Help from Future Self,Action,Gizelle Karen Baluso
Saurus Rex,Creature,Francisco Badilla
Contract Execution,Action,Ira Fidler
Æmberwind,Creature,Hygor Domingues
Shell of a Ghost,Action,Kaion Luong
Quantum Mouse,Creature,Natalie Russo
Moon Light Special,Action,Kaion Luong
Orb of Wonder,Artifact,Liiga Smilshkalne
Com. Officer Gross,Creature,Gabriel Scavariello
Sacred Duty,Upgrade,Kaion Luong
The Pale Star,Artifact,Nasrul Hakim
Horizon Saber,Gigantic Creature Base,Santi Bosch
Improvised Aviation,Action,Fábio Mota
Terrance Surefoot,Creature,Ronnie Price II
Tomb of Agony,Upgrade,Alecksander Ribeiro
Requisition Writ,Upgrade,Alecksander Ribeiro
Beanstalk,Artifact,Jamby Baña
Brunx and Bongle,Creature,Mateusz Mizak
Chauncey,Creature,Arthur Magalhaes
Phantasmaquid,Creature,Paris Ioannou
Shard of Change,Artifact,Fábio Mota
All Hands on Deck,Action,Jordi Rapture
Z-Particle Tracker,Upgrade,Vladimir Zyrianov
Iron Heidy,Creature,Caravan Studio
Bigger Guns for Everyone,Upgrade,Herbert Dariel
Chaos Portal,Artifact,Gong Studios
Old Egad,Creature,Hans Krill
Armored Spikes,Upgrade,Kaion Luong
Strength Within,Upgrade,Klyde Sosa
D.B. Gobber,Creature,Leo Sá
Demonic Shelf,Artifact,Leandro Notado
Red Aeronaut,Creature,Felipe Martini
Clap of Thunder,Action,Allefer Souza
Daat,Creature,Allefer Souza
Aerial Pedlar,Creature,Borja Pindado
Call of Need,Action,BalanceSheet
Crunch,Creature,Shady Khoury
Barter and Games,Action,Grigory Serov
Raise Your Glass,Action,Kian Reglos
Ecstacy Siphon,Action,Marko Fiedler
Fiendish Apprentice,Action,Marko Fiedler
Ven Omawk,Creature,Ira Fidler
Skŏllĕnbŭzzz,Creature,Victor Negreiro
Manifestation,Action,Ira Fidler
Yandylinx,Creature,JoeP
Game Changer,Creature,Ronnie Price II
Quantum Compass,Artifact,Franklin Fernandes
"Ley, Earl of Hurl",Creature,David Otálora
Hoist Operations,Action,Jeferson Cordeiro
Wellstring,Creature,Ronnie Price II
Skippy the Glorious,Creature,Kaion Luong
Nice to Greet You,Action,Bogdan Tauciuc
Suggestion Box,Upgrade,David Alunan
P.K.E. Syphonator,Creature,Brian Adriel
Envyx Glider,Creature,Tumo D Mere
A Ghost in the Sun,Action,Brian Adriel
Stratowise,Creature,Ronnie Price II
Bomb-arang,Action,Matthew Myslinski
Banshee Suit,Upgrade,David Alunan
Icarus 2.0,Creature,Davey Baker
Recreational Jettison,Action,Kian Reglos
Colonel Slime,Creature,Evander Ravanelli
Articulated Ren,Creature,Michael Angelo Dulay
Void Shields,Upgrade,Angelo Adonis Chavez
Phosphorus Blast,Action,Djib
Captain Nemo,Creature,Olga Zhgirovskaya
Cmd. Prompt,Creature,Kaion Luong
Bartos the Ruiner,Creature,Marko Fiedler
Stealth Modifications,Upgrade,Albert Fernández
De-Doss,Upgrade,Marcelo Goncevatt
Deimos Burst,Action,Klyde Sosa
Watney’s Calculation,Action,Marko Fiedler
Freedom to Be,Action,Fajri Muhammad
Seeker Missiles,Action,Hudson Chagas
Prop Dusting,Action,Arthur Magalhaes
Weigh the Anchor,Action,David Otálora
Kyypax Encapsulator,Creature,Djib
Bux Bastian,Creature,JoeP
Chandler Anouk,Creature,Kaion Luong
Razor’s Gambit,Artifact,Angelo Adonis Chavez
Universal Welcome,Action,Jeferson Cordeiro
Lateral Thrusters,Upgrade,Atha Kanaani
Silver Linings,Action,Angelo Adonis Chavez
Scalawag Finn,Creature,Filipe Laurentino
Æmber Airhart,Creature,Allefer Souza
Transposition Sandals,Upgrade,Atha Kanaani
Ankylo Formation,Action,Radial Studio
Further Investigations,Action,Alecksander Ribeiro
Forum of Giants,Artifact,Tomek Larek
Genetic Vault,Artifact,Mad Boogie Creations
Humble,Action,Tomek Larek
Ensign Clark,Creature,Xavi Planas
"Duck, Duck, Superb Duck",Action,Brolken
Sneaky Feats,Action,Angelo Bortolini
Multi-Dimensional Rescue,Action,Marko Fiedler
Niffle Brute,Token Creature,JoeP
Grey Abbess,Creature,David Auden Nash
Gĕzdrutyŏ the Arcane,Creature,Radial Studio
Etan’s Jar,Artifact,Konstantin Turovec
Bad Chemistry,Action,Marko Fiedler
Rockatiel,Creature,JoeP
Infurnace,Creature,Caio Monteiro
The Warchest,Artifact,Caravan Studio
Ikwijĭ Outpost,Artifact,BalanceSheet
Badge of Unity,Upgrade,Mad Boogie Creations
Camaraderie,Action,Hans Krill
Static Collection Array,Artifact,Gong Studios
Z-Wave Emitter,Upgrade,Vladimir Zyrianov
Orbital Highground,Artifact,Daniel Cotter
Azure Basin Outpost,Artifact,BalanceSheet
Massing at Midnight,Action,Julia Alentseva
Captain Pella,Creature,JoeP
GySgt. Margot,Creature,Ronnie Price II
Niffle Kong,Gigantic Creature Base,Gabriel Rubio
Titanic Bumblebird,Gigantic Creature Base,Natalie Russo
Evasive Maneuvers,Action,Jessada Sutthi
R-Evolution,Upgrade,BalanceSheet
Whimsical Conjuror,Creature,Jeferson Cordeiro
Jynnux Boom,Creature,Alisson Ricardo
Mk.3 “Rookie”,Creature,Mad Boogie Creations
Codex of True Names,Artifact,Arthur Magalhaes
Guardian,Token Creature,Arthur Magalhaes
Stooge,Token Creature,Allisson Ricardo
Nepenthe Seed,Artifact,Gabriel Rubio
Symon,Creature,Jessé Suursoo
Pupgrade,Creature,Monztre
No Safety in Numbers,Action,Brandon Hunt
Well of Memory,Artifact,Scott Schomburg
Thunderdell,Creature,Ghais Ramadhani
Uncommon Currency,Artifact,BalanceSheet
Æmbrosia Outpost,Artifact,BalanceSheet
Swindle,Action,Marko Fiedler
Paradox Shield,Upgrade,Ronnie Price II
Witch of the Spore,Creature,Nasrul Hakim
Axiom of Grisk,Action,Konstantin Turovec
Down To Size,Action,Ilham Zaka
Lethal Distraction,Action,Raphael Massarani
Cera Severa,Creature,Ilham Zaka
The Howling Pit,Artifact,BalanceSheet
Mini Groupthink Tank,Creature,BalanceSheet
Hebe the Huge,Creature,Eric Kenji Aoyagi
Shaffles,Creature,Timur Shevtsov
Shard of Resurgence,Artifact,Tuttee Dino
Animating Force,Upgrade,Kian Reglos
Earthshaker,Creature,Monztre
Final Refrain,Action,Natalie Russo
Gravelguts,Creature,Adam Vehige
Raiding Party,Creature,Scott Schomburg
Choking Ivy,Action,Jeferson Cordeiro
Bellatoran Warrior,Token Creature,Borja Pindado
Grunt,Token Creature,Patrick McEvoy
Fish,Token Creature,BalanceSheet
Prospector,Token Creature,Alexandre Leoni
Æmberling,Token Creature,JB Casacop
Berserker,Token Creature,Nathaniel Himawan
Blorb,Token Creature,Adam Vehige
Cultist,Token Creature,Brolken
Disciple,Token Creature,Caravan Studio
Explorer,Token Creature,Leandro Franci
Raider,Token Creature,Radial Studio
Cleric,Token Creature,Angelo Bortolini
Priest,Token Creature,Radial Studio
Reap the Wild Wind,Action,Brian Adriel
Bosun Creen,Creature,Alisson Ricardo
Reallocation Accessory,Upgrade,Angga Dwipayana
Shae “Cloudkicker”,Creature,Jeferson Cordeiro
Niche Market,Artifact,Jeferson Cordeiro
Harmonic Pack,Action,Djib
Navigator Ketarr,Creature,Jeferson Cordeiro
Shard of Courage,Artifact,Tuttee Dino
Ace Jonavan,Creature,Mike Parker
Cobalt Kapulet,Creature,Ira Fidler
Helichopper,Creature,Michael Angelo Dulay
Nomadic Insight,Action,Pedro Messias
Indigo Halyard,Creature,Albert Fernández
Suspendamander,Creature,Diego Mattos
Gamma Blaster,Upgrade,Angga Dwipayana
Maqui Expedition,Action,Julia Alentseva
Raince Furyheart,Creature,David Nash
Red Skies,Action,Davey Baker
Refined Adhesive,Upgrade,Herbert Dariel
Rm-Foler,Creature,Marko Fiedler
Tangrant,Creature,Ilham Zaka
Skulking Saboteurs,Creature,Ronnie Price II
Cincinnatus Resurrexit,Creature,Vladimir Kafanov
Phantom Drummernaut,Creature,Ramon Puasa Jr
Torpefying Harpoon,Upgrade,Scott Schomburg
Duma the Returned,Creature,Nino Vecia
Spectral Ruth,Creature,Tey Bartolome
Dexus,Creature,Alexey Iavtushenco
Qyxxlyxx Grave Master,Creature,Mad Boogie Creations
Sinestra,Creature,Alexey Iavtushenco
Timetraveller,Creature,Gizelle Karen Baluso
Immortal Greking,Creature,Ivan Tao
Portalmonster,Creature,Diego Machuca
Ghostly Dr. Verokter,Creature,Ivan Tao
Xenos Darkshadow,Creature,Angelo Bortolini
Aberrant Warp Event,Action,Ilham Zaka
Number 612,Creature,Jordi Rapture
Titan Sentry,Creature,Tuttee Dino
Ballcano,Action,Marc Escachx
Bilgum Avalanche,Creature,Konstantin Turovec
Cannon,Artifact,Konstantin Turovec
Crim Torchtooth,Creature,Brolken
Alaka’s Brew,Action,Michele Giorgi
Loot the Bodies,Action,Grigory Serov
Phoenix Heart,Upgrade,Caravan Studio
Wardrummer,Creature,Nicola Saviori
Bellowing Patrizate,Creature,Brolken
Cowfyne’s Brew,Action,Michele Giorgi
Berserker Slam,Action,Grigory Serov
Lollop the Titanic,Creature,Etienne Hebinger
Mega Narp,Creature,Michele Giorgi
Ragnarok,Action,Brolken
Little Rapscal,Creature,Djib
Barehanded,Action,Michele Giorgi
Brothers in Battle,Action,Rodrigo Camilo
Cybergiant Rig,Upgrade,Jordan Kerbow
Revived Ză-Orhă,Creature,Natalie Russo
Brawling Grounds,Artifact,Klyde Sosa
Chieftain’s Brew,Action,Michele Giorgi
Looter Goblin,Creature,Rodrigo Camilo
Might Club,Artifact,Michele Giorgi
Narp’s Brew,Action,Michele Giorgi
Lomir Flamefist,Creature,David Kegg
Mega Shorty,Creature,Alexandre Leoni
Narp,Creature,Michele Giorgi
Banner of Battle,Artifact,Caravan Studio
Bingle Bangbang,Creature,Chris Bjors
Feats of Strength,Action,Décio Júnior
Foozle,Creature,Nicholas Gregory
Barn Razing,Action,Konstantin Turovec
Blood of Titans,Upgrade,Ivan Tao
Countryside Crusher,Creature,Scott Schomburg
Fresh Marks,Action,Caravan Studio
Irestaff,Artifact,Grigory Serov
Blunderbore,Creature,Marko Fiedler
Bonecrusher,Upgrade,Chris Bjors
Bumpsy,Creature,Grigory Serov
Coward’s End,Action,Timur Shevtsov
Brawl In,Action,Ivan Tao
Champion’s Challenge,Action,Mateusz Mizak
Endless Hordes,Action,Edgar Hidalgo
Brikk Nastee,Creature,Michele Giorgi
Follow the Leader,Action,Bogdan Tauciuc
Demons’ Bane,Action,Gong Studios
E’e on the Fringes,Creature,Adam Vehige
Burn the Stockpile,Action,BalanceSheet
Cowfyne,Creature,Regis Torres
Groke’s Brew,Action,Michele Giorgi
Fiery Jark,Creature,Michele Giorgi
Grenade Snib,Creature,Taylor Ingvarsson
Into the Fray,Action,Gabriel Rubio
Borr Nit’s Touch,Action,Grigory Serov
Flamethrower,Artifact,Monztre
Gargantes Scrapper,Creature,Brolken
Gron’s Brew,Action,Michele Giorgi
Igon the Green,Creature,Konstantin Porubov
Mega Cowfyne,Creature,Regis Torres
Flamewake Shaman,Creature,Timur Shevtsov
Gauntlet of Command,Artifact,Eric Kenji Aoyagi
Grump Buggy,Artifact,Mateusz Mizak
Igon the Terrible,Creature,Konstantin Porubov
King of the Crag,Creature,Melvin Chan
Groke,Creature,Djib
Headhunter,Creature,Nicola Saviori
Ged Hammer,Creature,Monztre
Kretchee,Creature,Marc Escachx
Gron Nine-Toes,Creature,Art Tavern
Kaloch Stonefather,Creature,Michele Giorgi
Might Makes Right,Action,Monztre
Ragwarg,Artifact,Diego Machuca
Collar of Subordination,Upgrade,Bogdan Tauciuc
Dendrix,Creature,Jacob Walker
Dust Imp,Creature,Grigory Serov
Fear,Action,Nicholas Gregory
Jarl Svend,Creature,Alexey Iavtushenco
Arise!,Action,David Kegg
Bronze Key Imp,Creature,Rodrigo Camilo
Dinosaurs’ Bane,Action,Gong Studios
Kelifi Dragon,Creature,Caio Monteiro
Lash Out,Action,Diego Mattos
Mega Ganger Chieftain,Creature,Forrest Imel
Mogghunter,Creature,Konstantin Porubov
Mega Groke,Creature,Djib
Mogghunter’s Brew,Action,Michele Giorgi
Recklessness,Action,Leandro Notado
Mega Gron Nine-Toes,Creature,Art Tavern
Mournful Barn-Burner,Creature,Kaion Luong
Press Gang,Action,Caravan Studio
Relentless Assault,Action,Jordan Kerbow
Shattered Throne,Artifact,Jacob Atienza
Mega Mogghunter,Creature,Konstantin Porubov
Returning Champion,Creature,Brolken
Shock Herder,Creature,Edgar Hidalgo
Sound the Horns,Action,Albert Bruun
Mighty Javelin,Artifact,Mad Boogie Creations
Nogi Smartfist,Creature,Konstantin Turovec
Plummet,Action,Monztre
The Big One,Artifact,BalanceSheet
Angwish,Creature,Grigory Serov
Pile of Skulls,Artifact,Caravan Studio
Raider of the Peaks,Creature,Hypersteve
Rogue Ogre,Creature,Caio Monteiro
"Take that, Smartypants",Action,Caravan Studio
Tremor,Action,Oscar Römer
Pingle Who Annoys,Creature,Rodrigo Camilo
Sköll,Creature,Adam Vehige
Troll,Creature,Timur Shevtsov
Soulkeeper,Upgrade,Grigory Serov
Tentacus,Creature,Caio Monteiro
Ragnarok Prep,Action,Lucas Firmino
Rickety Cybergiant,Creature,Hans Krill
Shorty’s Brew,Action,Michele Giorgi
Revna Starsong,Creature,Nathaniel Himawan
Shorty,Creature,Alexandre Leoni
Stilt-Kin,Creature,Marc Escachx
Screechbomb,Artifact,Albert Bruun
Smaaash,Creature,Bogdan Tauciuc
The Flex,Action,Grigory Serov
Valdr,Creature,Caio Monteiro
The Evil Eye,Action,Liiga Smilshkalne
Shard of Strength,Artifact,Andreas Zafiratos
Smith,Action,Gabriel Rubio
The Floor is Lava,Artifact,Brolken
Vow of Blood,Action,Kevin Sidharta
Signal Fire,Artifact,Felipe Martini
Giants’ Bane,Action,Gong Studios
Soul Bomb,Artifact,Monztre
The Grand Gord,Creature,Kevin Sidharta
The Terror,Creature,Mateusz Mizak
Exchange Program,Action,Hans Krill
General Ză-Orhă,Creature,Monztre
Break-key,Action,Michele Giorgi
Conductor Jărroyă,Creature,Roman Semenenko
Siren Horn,Upgrade,Konstantin Turovec
Annihilation Ritual,Artifact,Andreas Zafiratos
Binding Irons,Action,Michele Giorgi
Draining Touch,Action,Natalie Russo
Etaromme,Creature,David Pursley
Gleeful Mayhem,Action,Mircea Nicula
Brabble,Creature,Jacob Walker
Greed,Creature,Michele Giorgi
Hysteria,Action,Gong Studios
Buzzle,Creature,Michele Giorgi
Gateway to Dis,Action,Brolken
Gub,Creature,Sean Donaldson
Impspector,Creature,Colin Searle
Lifeward,Artifact,Caravan Studio
Dino-Fiend,Creature,Grigory Serov
Flame-Wreathed,Upgrade,Brolken
Grim Reminder,Action,Tomek Larek
Hystricog,Creature,Sean Donaldson
Envy,Creature,Michele Giorgi
Gabos Longarms,Creature,Michele Giorgi
Guardian Demon,Creature,Forrest Imel
Library of the Damned,Artifact,Jacob Atienza
Master of 3,Creature,Mihai Radu
Festering Touch,Action,Marc Escachx
Greater Oxtet,Creature,Monztre
Humans’ Bane,Action,Gong Studios
Lash of Broken Dreams,Artifact,David Auden Nash
Painmail,Upgrade,Michele Giorgi
Gluttony,Creature,Michele Giorgi
Harbinger of Doom,Creature,Marko Fiedler
Lyco-Fiend,Creature,Grigory Serov
Ortannu’s Binding,Action,Brolken
Poltergeist,Action,Andrew Bosley
Gold Key Imp,Creature,Rodrigo Camilo
Harvest Time,Action,Monztre
Key Hammer,Action,Caravan Studio
Maleficorn,Creature,Konstantin Porubov
Neffru,Creature,Marc Escachx
Gongoozle,Action,Bogdan Tauciuc
Malison,Creature,Mariana Ennes
Pain Reaction,Action,David Auden Nash
Misery Exploit,Action,Grigory Serov
Skixuno,Creature,Mateusz Mizak
Master of 1,Creature,Mihai Radu
Pandemonium,Action,Caravan Studio
Spyyyder,Creature,Caio Monteiro
Master of 2,Creature,Mihai Radu
Obsidian Forge,Artifact,Hans Krill
Ritual of Tognath,Action,Dany Orizio
Stirring Grave,Action,Michele Giorgi
Sacrificial Altar,Artifact,Gong Studios
Sinder,Creature,Girma Moges
Ornate Talking Tray,Artifact,Andreas Zafiratos
Sacro-Fiend,Creature,Grigory Serov
Bonded Auctioneer,Creature,Borja Pindado
Forbidden Tome,Artifact,David Tenorio
Shard of Pain,Artifact,Andreas Zafiratos
Estate Sale,Action,Borja Pindado
Gemcoat Vendor,Creature,Alexandre Leoni
Shooler,Creature,Grigory Serov
Techno-Fiend,Creature,Grigory Serov
Shĭsnyasĭ Buggy,Artifact,Roman Semenenko
Tourist Trap,Artifact,Tomek Larek
Wretched Doll,Artifact,Grigory Serov
Freelancer,Upgrade,Marko Fiedler
Hire On,Action,Alexandre Leoni
Snarette,Creature,Vladimir Zyrianov
Thieves’ Bane,Action,Gong Studios
Darklamp,Creature,Colin Searle
Tolas,Creature,Caravan Studio
Shĭzyokŭ Buggy,Artifact,Roman Semenenko
Trade Secrets,Action,Caravan Studio
Art Project,Action,Colin Searle
The Grim Reaper,Creature,Gabriel Rubio
Turnkey,Creature,Felipe Martini
Avid Collecting,Action,Marko Fiedler
Skreel Swarm,Action,Brolken
Snippy,Creature,Grigory Serov
Umbra-Fiend,Creature,Grigory Serov
Ascending Jet,Artifact,Hans Krill
Tenacious Tentacle,Creature,Kevin Sidharta
Lethologica,Action,Marko Fiedler
Novu Archaeologist,Creature,Jorge Ramos Márquez
Waking Nightmare,Action,Konstantin Turovec
Forced Retirement,Action,Caravan Studio
Legerdemain,Action,Natalie Russo
Pen Pal,Creature,Brian Adriel
Yurk,Creature,Michele Giorgi
Envoy of Ekwirrĕ,Creature,Caravan Studio
Gegrrŏkŭŭ Sapper,Creature,Ivan Tao
Midyear Festivities,Action,Caravan Studio
Auction Off,Action,Michele Giorgi
Hyde,Creature,Hans Krill
Belligerent Guard,Creature,Michele Giorgi
Cursed Relic,Artifact,Vladimir Kafanov
Exo-shell System,Artifact,Flaviano Pivoto
Generous Offer,Action,Caravan Studio
Closed-Door Negotiation,Action,Chris Bjors
"Dthoshră, Recruiter",Creature,Edgar Hidalgo
Fortune Reverser,Upgrade,Colin Searle
Historian Li-Darkin,Creature,David Tenorio
Scrapscrounger,Creature,Dany Orizio
Energy Vampirism,Action,Mihai Radu
Incarnation Pod,Artifact,Brandon Hunt
Niffle Paw,Upgrade,Bogdan Tauciuc
Staff Up,Action,Erick Efata
Market Fluctuation,Action,Marko Fiedler
Phobivore,Upgrade,Ilham Zaka
Empathic Malice,Action,Jessada Sutthi
Molluscaller,Creature,Dany Orizio
Tutor Bin-Rillo,Creature,Diego Machuca
Return to Rubble,Action,Jessada Sutthi
Backup Copy,Upgrade,Marko Fiedler
Outnegotiate,Action,Radial Studio
Permanent Record,Action,Brandon Hunt
Sandhopper,Artifact,Hans Krill
Chronometer,Creature,JB Casacop
Mender,Creature,Ronnie Price
Pull Up Stakes,Action,Edgar Hidalgo
Island of Misfit Toys,Artifact,Sonderflex Studio
Replicative Growth,Action,Robert Ardy
Shĭgzisŏ Buggy,Artifact,Roman Semenenko
Steward Su-Uzyanĕ,Creature,Mad Boogie Creations
Token of Appreciation,Action,Adam Vehige
Crazy Killing Machine,Artifact,Gong Studios
Shĭzyokŭ Swopper,Creature,David Auden Nash
Race to the Surface,Action,Borja Pindado
PI Sweven,Creature,Leandro Franci
Soul Exchange,Action,Caravan Studio
Soultender,Creature,Ronnie Price
Beast of Dark Legend,Action,Kevin Sidharta
The Evil in the Ranks,Action,Alexandre Leoni
"Tya-Arhĭ, Esquire",Creature,Caravan Studio
Dark Memento,Artifact,Natalie Russo
Phantasmal Visit,Action,Djib
Diametric Charge,Action,Radial Studio
A Strong Feeling,Action,Filipe Laurentino
Archimedes,Creature,Natalie Russo
Batdrone,Creature,David Auden Nash
Echofly,Creature,Mihai Radu
Emergence,Action,Chris Bjors
Slippery Tentacle,Creature,Kevin Sidharta
Junkyard Cemetery,Artifact,Scott Schomburg
Primordial,Upgrade,Brian Adriel
Munchling,Creature,Nicola Saviori
Brain Stem Antenna,Upgrade,Quentin de Warren
Infiltrator,Creature,Polar Engine
Auto-Vac 5150,Artifact,Grigory Serov
Reaver,Creature,Hans Krill
Winds of Death,Action,Leo Sá
Dino-Bot,Creature,Colin Searle
Kaspara,Creature,Amanda Duarte
Eureka!,Action,Nasrul Hakim
Forge Compiler,Artifact,BalanceSheet
Mimic Gel,Creature,Djib
Crushing Tentacle,Creature,Kevin Sidharta
Mother,Creature,JB Casacop
Opposition Research,Action,BalanceSheet
Left in Its Wake,Action,Marko Fiedler
Library Card,Artifact,Gabriel Zanini
Invasion Portal,Artifact,Caravan Studio
U.F.O.,Action,Scott Schomburg
Grappling Tentacle,Creature,Kevin Sidharta
Animator,Artifact,Marko Fiedler
Sacro-Bot,Creature,Colin Searle
Combat Pheromones,Artifact,Regis Torres
Austeralis Seaborg,Creature,BalanceSheet
Chronus,Creature,Monztre
Jargogle,Creature,David Auden Nash
Binate Rupture,Action,Hans Krill
Discombobulator,Upgrade,Grigory Serov
Fission Bloom,Artifact,Nasrul Hakim
Helper Bot,Creature,Natalie Russo
C.Æ.N.D.L.E. Unit,Creature,BalanceSheet
Dextre,Creature,Nasrul Hakim
Eyegor,Creature,Bogdan Tauciuc
Poke,Action,Monztre
Effervescent Principle,Action,Gong Studios
Seismo-entangler,Artifact,Alyn Spiller
Tide Warp,Artifact,BalanceSheet
Dæmo-Bot,Creature,Colin Searle
Groupthink Tank,Creature,BalanceSheet
Hydrocataloguer,Artifact,Gong Studios
Spectral Tunneler,Artifact,Angelica Alieva
Forgive or Forget,Action,Bogdan Tauciuc
SLRS Austeralis,Artifact,Colin Searle
Fila the Researcher,Creature,Gabriela Marchioro
Static Charge,Upgrade,Sean Donaldson
Thorium Plasmate,Action,Caravan Studio
Mass Abduction,Action,Caravan Studio
Tautau Vapors,Action,Alexey Iavtushenco
Ironyx Vatminder,Creature,Colin Searle
Vezyma Thinkdrone,Creature,Gong Studios
Honors Keysis,Action,Marko Fiedler
Labwork,Action,Hans Krill
Mind Bullets,Action,Milica Čeliković
Neutron Shark,Creature,Jon Bosco
Z.Y.X. Researcher,Creature,Bogdan Tauciuc
Chuff Ape,Creature,Timur Shevtsov
Curse of Disappearances,Artifact,Edgar Hidalgo
"Ozmo, Martianologist",Creature,Gong Studios
Professor Sutterkin,Creature,David Auden Nash
Twin Bolt Emission,Action,Michele Giorgi
Wormhole Technician,Creature,Dany Orizio
Entropic Manipulator,Action,Marko Fiedler
Pocket Universe,Artifact,Atha Kanaani
Deep Probe,Action,Grigory Serov
Glylyx Weaponsmith,Creature,Flaviano Pivoto
Nightmare Inducer,Artifact,Diego Machuca
Q-Mechs,Creature,Vladimir Zyrianov
"Orphiel, Sea’s Chosen",Creature,Liiga Smilshkalne
The Harder They Come,Action,Konstantin Turovec
Charybdis,Creature,Caio Monteiro
Replicator,Creature,Gong Studios
Spangler Box,Artifact,Gong Studios
Yxlix Mesmerist,Creature,Ivan Tao
Scientifical Hack,Artifact,Nasrul Hakim
Standardized Testing,Action,Marko Fiedler
Bull-wark,Creature,Dong Cheng
Dry the River,Artifact,Brian Fajardo
Self-Bolstering Automata,Creature,Gong Studios
Submersive Principle,Action,Bogdan Tauciuc
Ardent Hero,Creature,Radial Studio
Umbra-Bot,Creature,Colin Searle
Ironyx Rebel,Creature,Patrick McEvoy
Di-No You Didn’t!,Action,Konstantin Turovec
Hastatus Raptor,Creature,Dany Orizio
“John Smyth”,Creature,Timur Shevtsov
Fangs of Gizelhart,Action,Natalie Russo
Blorb Hive,Artifact,Adam Vehige
Aja the Inconspicuous,Creature,David Auden Nash
Brobnar Ambassador,Creature,David Auden Nash
Borka Rikk,Creature,Ghais Ramadhani
Destructive Analysis,Action,Timur Shevtsov
Martian Hounds,Action,Gong Studios
Mothership Support,Action,Caravan Studio
Sniffer,Artifact,Caravan Studio
Braindart,Action,Leandro Franci
Kaboom!,Action,Patrick McEvoy
Exterminate! Exterminate!,Action,Marko Fiedler
Grommid,Creature,Gong Studios
Martian Revolution,Action,Tomek Larek
Phloxem Spike,Action,Gong Studios
Mars First,Action,Timur Shevtsov
Mindworm,Creature,Michele Giorgi
Pandulf the Provoker,Creature,JB Casacop
Shield of Justice,Action,Gong Studios
Ironyx Banner,Artifact,Colin Searle
Ulyq Megamouth,Creature,Grigory Serov
Battlefield Evangelist,Creature,Brolken
Colonel Mariana,Creature,Borja Pindado
Martian Generosity,Action,Marko Fiedler
Mothergun,Artifact,Caravan Studio
Squawker,Action,Caravan Studio
Martians Make Bad Allies,Action,Gong Studios
Nameless Horror,Creature,Adam Vehige
Suspended Animation,Action,JB Casacop
Logos Ambassador,Creature,David Auden Nash
Mating Season,Action,Atha Kanaani
Phylyx the Disintegrator,Creature,David Auden Nash
Shrink-ray Technician,Creature,Mad Boogie Creations
Psychic Network,Action,Mad Boogie Creations
The Body Snatchers,Action,Fábio Perez
Staunch Knight,Creature,Mads Ahm
Space Invaders,Action,Caravan Studio
Nautilixian,Creature,Felipe Martini
Swap Widget,Artifact,Caravan Studio
Yxili Marauder,Creature,Matt Zeilinger
Scoop Up,Action,Alexandre Leoni
Membership Drive,Action,Hilary Purnamasari
SGS Illuminator,Artifact,Vladimir Zyrianov
Tunk,Creature,Nicola Saviori
Revered Monk,Creature,Leandro Franci
Seraphic Armor,Upgrade,John Silva
Martyr’s End,Action,Michele Giorgi
Zyzzix the Many,Creature,Bogdan Tauciuc
Equalize,Action,Andrew Bosley
Gizelhart’s Standard,Artifact,Konstantin Porubov
Batariel of the Grey,Creature,Nathaniel Himawan
Dæmo-Saurus,Creature,David Auden Nash
Galeatops,Creature,Ronnie Price II
Commandeer,Action,Marko Fiedler
Edict of Nerotaurus,Artifact,Andreas Zafiratos
Legion’s March,Action,Dong Cheng
Dis Ambassador,Creature,David Auden Nash
First or Last,Action,Andrew Bosley
Halo of Enlightenment,Upgrade,Décio Júnior
Bring Low,Action,Dong Cheng
Golden Aura,Action,Natalie Russo
Lady Maxena,Creature,Nicola Saviori
Challe the Safeguard,Creature,David Auden Nash
Eye of Judgment,Artifact,Etienne Hebinger
Hallowed Blaster,Artifact,Caravan Studio
Honor or Glory,Action,Radial Studio
Cleansing Wave,Action,Gong Studios
Doorstep to Heaven,Action,Mark Bulahao
Dis Plant,Creature,Marko Fiedler
Free Markets,Action,Gong Studios
Horseman of War,Creature,Eric Kenji Aoyagi
Light Everlasting,Action,Diego Gisbert
Crushing Charge,Action,Konstantin Turovec
Honorable Claim,Action,Moh Mukhtar
Conscription,Action,Mariana Ennes
Epic Poem,Action,Tomek Larek
Lærie of the Lake,Creature,Stanislav Dikolenko
Ostentatious Mount,Upgrade,Marzena Piwowar
Radiant Truth,Action,Moh Mukhtar
Sanctum Guardian,Creature,Andreas Zafiratos
Mars Ambassador,Creature,David Auden Nash
Sigil of Brotherhood,Artifact,Caravan Studio
Taxing Journey,Action,Marko Fiedler
Treasure Map,Action,Gong Studios
Outflank,Action,Radial Studio
Sariel the Steadfast,Creature,Edgar Hidalgo
Æmberheart,Artifact,Natalie Russo
Imperial Scutum,Upgrade,Caravan Studio
"Prince Derric, Unifier",Creature,Quentin de Warren
Seneschal Sargassa,Creature,Andreas Zafiratos
Sir Bevor,Creature,Brandon Hunt
Centurion Stenopius,Creature,Caio Monteiro
Proclamation 346E,Artifact,Jacqui Davis
Sequis,Creature,Josh Corpuz
Scrivener Favian,Creature,Marzena Piwowar
Shoulder Armor,Upgrade,Josh Corpuz
Carpe Vinum,Action,Gong Studios
City-State Interest,Action,David Auden Nash
Magistrate Crispus,Creature,Michele Giorgi
Training Costs,Action,Borja Pindado
Wipe Clear,Action,BalanceSheet
Ghostly Hand,Action,Preston Stone
The Spirit’s Way,Action,Caravan Studio
Zephon the Opulent,Creature,Leandro Franci
Brutodon Auxiliary,Creature,Caio Monteiro
Gamgee,Creature,Hans Krill
Easy Marks,Action,Bogdan Tauciuc
Bury Riches,Action,Alexandre Leoni
Optio Gorkus,Creature,Vladimir Kafanov
Physicus Felix,Creature,Dany Orizio
Swallow Whole,Action,Marko Fiedler
Cornicen Octavia,Creature,Dany Orizio
Hedonistic Intent,Action,Dong Cheng
Carlo Phantom,Creature,Pedro Dutra
Kymoor Eclipse,Action,Gong Studios
Decadence,Action,Tomek Larek
Legatus Raptor,Creature,Vladimir Kafanov
Pale Into Insignificance,Action,Roman Semenenko
Saurarium,Artifact,Diego Gisbert
Longusaur Lector,Creature,Diego Gisbert
Nerotaurus,Creature,Marko Fiedler
Recruit,Action,Borja Pindado
Spoils of Battle,Action,Diego Machuca
Monument to Octavia,Artifact,Natalie Russo
Questor Jarta,Creature,Michele Giorgi
Socraterosaurus,Creature,Tomek Larek
Monument to Primus,Artifact,Natalie Russo
Rampaging Brutodon,Creature,Brolken
The Callipygian Ideal,Upgrade,Adam Vehige
Reach Advantage,Action,Konstantin Turovec
Quintrino Warp,Action,Helena Butenkova
Subject Kirby,Creature,Gabriel Scavariello
Special Agent “Fingers”,Creature,Brandon Hunt
Senator Shrix,Creature,Cindy Avelino
Techno-Saurus,Creature,David Auden Nash
Tribune Pompitus,Creature,Timur Shevtsov
Xeno-Saurus,Creature,David Auden Nash
The Golden Spiral,Artifact,Jason Juta
Sci. Officer Qincan,Creature,Alena Medovnikova
Staff Sergeant Rhea,Creature,Leo Sá
Séance Scanner,Artifact,Scott Schomburg
Tribute,Action,Caravan Studio
Tempting Offer,Action,Monztre
Trust No One,Action,Jessé Suursoo
Xeno-Thief,Creature,Mihai Radu
Umbra-Saurus,Creature,David Auden Nash
Walk the Plank,Action,Nasrul Hakim
Photic Raider,Creature,Colin Searle
Bog Spitter,Creature,Scott Schomburg
Venator Altum,Creature,Edgar Hidalgo
Bonerot Venom,Upgrade,Ivan Frolov
A. Vinda,Creature,Chris Bjors
Hand Cannon,Upgrade,Gong Studios
Knuckles Bolton,Creature,Sasha Tudvaseva
Archon’s Revenge,Artifact,BalanceSheet
Submersible,Artifact,BalanceSheet
The Quiet Anvil,Artifact,Gong Studios
“Borrow”,Action,David Tenorio
Booby Trap,Action,Gong Studios
Safe House,Artifact,Marko Fiedler
Dark Wave,Action,Monztre
Early Birds,Action,Flaviano Pivoto
Jackie Tar,Creature,Vladimir Kafanov
Splinter,Creature,Radial Studio
Dusk Chronicles,Action,Harumi Namba
Heist Night,Action,Mateusz Mizak
Inky Gloom,Action,Monztre
Miasma Bomb,Artifact,Marc Escachx
Duskrunner,Upgrade,Matt Zeilinger
Freebooter Faye,Creature,Chris Bjors
Into the Night,Action,Jorge Ramos Márquez
Noddy the Thief,Creature,Albert Bruun
Trickle-Down Theory,Artifact,Dany Orizio
Dæmo-Thief,Creature,Mihai Radu
Furtive Investors,Action,Fábio Perez
Hideaway Hole,Artifact,Marko Fiedler
Johnny Longfingers,Creature,Mariana Ennes
Sacro-Thief,Creature,Mihai Radu
B0-T,Token Creature,Reinaldo Rocha
Qincan’s Blaster,Upgrade,Caravan Studio
Pawn Sacrifice,Action,Gong Studios
Loot or Pillage,Action,Mariana Ennes
Miasma,Action,Gong Studios
Disruption Field,Upgrade,Gong Studios
Saurian Plant,Creature,Marko Fiedler
Quixxle Stone,Artifact,Caravan Studio
Mutant Cutpurse,Creature,Grigory Serov
Oubliette,Action,Gong Studios
Safe Place,Artifact,Kristen Pauline
Shard of Greed,Artifact,Andreas Zafiratos
Encounter Suit,Upgrade,Hendry Iwanaga
Force Field,Upgrade,Marzena Piwowar
Sabotage Mission,Action,Chris Bjors
Ronnie Wristclocks,Creature,Harumi Namba
Armory Officer Nel,Creature,Chris Bjors
Seeker Needle,Artifact,Timur Shevtsov
Armsmaster Molina,Creature,Caravan Studio
Collector Boren,Creature,Stefano Gil
Thing from the Deep,Creature,Hans Krill
Ancient Bear,Creature,Timur Shevtsov
Flaxia,Creature,Albert Bruun
Biome Discovery,Action,Sean Donaldson
Agent Sepdia,Creature,Grigory Serov
Chief Engineer Walls,Creature,Angelo Bortolini
Garcia’s Blaster,Upgrade,Caravan Studio
Information Officer Gray,Creature,Gong Studios
Cadet,Token Creature,Djib
D1-V3 Pod,Upgrade,Grigory Serov
Essence Entangler,Upgrade,Scott Schomburg
Near-Future Lens,Artifact,Amanda Duarte
Com. Officer Kirby,Creature,Angelo Bortolini
Khrkhar’s Blaster,Upgrade,Caravan Studio
Unsettling Ancestry,Action,Ilham Zaka
Ingram’s Blaster,Upgrade,Caravan Studio
Kelpminder,Creature,Lucas Firmino
Plasma Nozzle,Upgrade,Hendry Iwanaga
Ghostform,Upgrade,Andreas Zafiratos
Helmsman Spears,Creature,Pavel Tomashevskiy
Norbyn’s Cavern,Artifact,JB Casacop
Pentacorder,Upgrade,Leandro Notado
Grunt Work,Action,Bogdan Tauciuc
Lyco-Alien,Creature,Colin Searle
Hayden Oswin,Creature,Angelina Chernyak
Medic Ingram,Creature,Marzena Piwowar
New Frontiers,Action,Matheus Schwartz
Peace Accord,Artifact,Nasrul Hakim
Lay of the Land,Action,Mihai Radu
Hunting Witch,Creature,Mads Ahm
Mutagenesis Researcher,Creature,Tomek Larek
Operative Espion,Creature,Bogdan Tauciuc
Under Pressure,Upgrade,Leandro Franci
Bombyx,Creature,Liiga Smilshkalne
Operations Officer Yshi,Creature,Radial Studio
Prof. Emeritus Kering,Creature,Leandro Franci
Red Alert,Action,Iqnatius Budi
Rocketeer Tryska,Creature,Ivan Tao
Selective Preservation,Action,Ivan Tao
Thundertow,Action,Grigory Serov
Beach Day,Action,Adam Vehige
SV3 Lander,Artifact,BalanceSheet
Techno-Alien,Creature,Colin Searle
Z-Ray Blaster,Upgrade,Vladimir Zyrianov
Adult Swim,Action,Grigory Serov
Cooperative Hunting,Action,Sasha Tudvaseva
Curse of Confusion,Artifact,Jean-Baptise Reynaud
Nature’s Call,Action,Gong Studios
Stronger Together,Action,Brandon Hunt
Survey,Action,Chris Bjors
Temporal Purge,Action,Felipe Gonçalves
Unprepared,Action,Leo Sá
Awful Atoll,Artifact,Flamecroowz
All Tide Up,Action,Helena Butenkova
T3R-35A,Creature,Vladimir Kafanov
Together!,Action,JB Casacop
Walls’ Blaster,Upgrade,Caravan Studio
Æmbertracker,Creature,Fabio Perez
Triangulator Newsome,Creature,Filipe Laurentino
Mookling,Creature,Adam Vehige
Narl Gibbus,Creature,Rodrigo Gonzalez Toledo
Befuddle,Action,Girma Moges
Crushing Deep,Action,Dany Orizio
Horrid Synan,Creature,Michele Giorgi
Mushroom with a View,Artifact,Andrew Bosley
Giltspine School,Creature,Radial Studio
Deep Priest Glebe,Creature,David Auden Nash
Cauldron Boil,Action,Jorge Ramos Márquez
Effigy of Melerukh,Artifact,Andreas Zafiratos
Immersioneer,Creature,Grigory Serov
Mushroom Man,Creature,Brolken
Vault’s Blessing,Action,Monztre
Kamalani,Creature,Liiga Smilshkalne
Musthic Murmook,Creature,Art Tavern
Youngest Bear,Creature,Natalie Russo
Fathom Reaver,Creature,Chris Bjors
Giltspine Netcaster,Creature,Sebastian Rodriguez
Kaupe,Creature,Art Tavern
Look What I Found!,Action,Helena Butenkova
Mutation of Cunning,Action,Leandro Franci
Flamegill Enforcer,Creature,Stanislav Dikolenko
Koriki Germinator,Creature,Dany Orizio
Strange Torpedo,Action,Scott Schomburg
The Susurrus,Artifact,BalanceSheet
Mutation of Instinct,Action,Leandro Franci
Open the Seal,Action,Marko Fiedler
Tentaclid,Creature,John Silva
Toxicuda Venom,Upgrade,Vladimir Zyrianov
Blossom Drake,Creature,Tomek Larek
Cross Porpoises,Action,Monztre
Skullback Crab,Creature,Roman Semenenko
Voice of Rakuzel,Creature,Borja Pindado
Chelonia,Creature,Bogdan Tauciuc
Curiosity,Action,Grigory Serov
Gebuk,Creature,Adam Vehige
Curse of Fertility,Artifact,Flamecroowz
Dredging Druid,Creature,Helena Butenkova
Key Charge,Action,Gabriel Rubio
Moor Wolf,Creature,Liiga Smilshkalne
Deepwater Gruen,Creature,Mariana Ennes
Dharna,Creature,Marzena Piwowar
Grave Pixie,Creature,Scott Schomburg
Lost in the Woods,Action,Andrew Bosley
Myliobe,Creature,Fábio Perez
Lupo the Scarred,Creature,Quentin de Warren
Murmook,Creature,David Kegg
Persistence Hunting,Action,Gabriel Rubio
Reclaimed by Nature,Action,Michele Giorgi
Sacro-Beast,Creature,Chris Bjors
Reap or Sow,Action,Felipe Gonçalves
Song of the Wild,Action,Iqnatius Budi
Way of the Porcupine,Upgrade,Sasha Tudvaseva
Æmberspine Mongrel,Creature,Regis Torres
Vigor,Action,Lorena Lammer
Wild Bounty,Action,Tomek Larek
Xenos Bloodshadow,Creature,Konstantin Turovec
Rustgnawer,Creature,Natalie Russo
Way of the Pixie,Upgrade,Vladimir Zyrianov
Werewolf Curse,Upgrade,Rodrigo Gonzalez Toledo
Xeno-Beast,Creature,Chris Bjors
Æmber Storm,Action,Diego Mattos
Marketeer,Token Creature,Von Milano
Wretched Anathema,Gigantic Creature Base,JoeP
Purse-a-phone,Creature,Amanda Duarte
"Zutrinyx, the Innovator",Creature,Mad Boogie Creations
Mind Your Elders,Action,Alisson Ricardo
Exo Vanguard,Creature,Alisson Ricardo
Yxlyx Stimrager,Creature,Eric Kenji Aoyagi
Grondal,Creature,Patrick McEvoy
Big Magnet,Action,Andreas Zafiratos
Æmberlution,Action,Allon Kremer
Exchange Officer,Creature,Brandon Hunt
Academy Training,Upgrade,Caravan Studio
Access Denied,Upgrade,Marko Fiedler
Xanotys Ploxx,Creature,Mad Boogie Creations
Ilxid Avenger,Creature,Ira Fidler
Red Planet Ray Gun,Upgrade,Caravan Studio
Mk.2 Generator,Artifact,Dany Orizio
Solar Fusion Array,Artifact,JoeP
Space Elevator Tashi,Artifact,Santi Bosch
The Arkhive,Artifact,Santi Bosch
Tyyryxn Delv,Creature,Mad Boogie Creations
Crystal Hive,Artifact,Randall Mackey
Pyloyx Strr,Creature,Alisson Ricardo
Æmber Munch,Token Creature,Alisson Ricardo
Minutemartian,Token Creature,Mad Boogie Creations
Phlox ’em All!,Action,Mad Boogie Creations
Neuro Syphon,Action,Mad Boogie Creations
Positron Bolt,Action,Pedro Dutra
Compliance,Action,Filipe Laurentino
Agent Taengoo,Creature,Alisson Ricardo
For the Revolution!,Action,Mad Boogie Creations
Detention Coil,Upgrade,Nasrul Hakim
Echo Reflector,Upgrade,Mad Boogie Creations
Efficient Æmber Burner,Upgrade,Scott Schomburg
Cadet Allison,Gigantic Creature Base,Leo Sá
J43G3R V,Gigantic Creature Base,VictorG.Art
Rebel,Token Creature,Radial Studio
Tangaika,Creature,Roman Semenenko
Graphton,Creature,David Otálora
Distant Void Prober,Creature,Scott Schomburg
Ransack,Action,Monztre
Too Much to Protect,Action,Gong Studios
Bo Nithing,Creature,Grigory Serov
Guard Disguise,Artifact,Mihai Radu
Armadrone,Creature,JB Casacop
Dæmo-Alien,Creature,Colin Searle
Chain Gang,Creature,Diego Machuca
Dodger,Creature,Nicola Saviori
Finch Cloak,Creature,Yan Kyohara
Hugger-Mugger,Creature,Djib
Look Over There!,Action,Grigory Serov
Pit Demon,Creature,Nicola Saviori
Rad Penny,Creature,Felipe Martini
Rogue Operation,Action,Hans Krill
Umbra,Creature,Gabriel Rubio
Redhawk,Creature,Kevin Sidharta
Bawretchadontius,Gigantic Creature Base,Davey Baker
Dark Æmber Vault,Artifact,Dany Orizio
The Red Baron,Creature,Caio Monteiro
Gate Warden,Creature,Allefer Souza
Eruption,Creature,Michael Angelo Dulay
Addlefish,Creature,Jeferson Cordeiro
Vĕsted Harŏld,Creature,Vladimir Kafanov
Ancient Power,Action,Liiga Smilshkalne
Knightapult,Artifact,Chris Bjors
Deusillus,Gigantic Creature Base,Caio Monteiro
Mass Buyout,Action,Chris Bjors
“Lion” Bautrem,Creature,Nicola Saviori
Build Your Champion,Action,Xavi Planas
Picaroon,Creature,Natalie Russo
Digging Up the Monster,Action,Marko Fiedler
Prof. Garwynne,Creature,Leandro Franci
Whisper,Creature,Colin Searle
Universal Translator,Upgrade,Caravan Studio
ANT1-10NY,Creature,Dany Orizio
Boosted B4-RRY,Gigantic Creature Base,Marko Fiedler
Causal Loop,Action,Monztre
Champion Tabris,Creature,Mateusz Mizak
Boss Zarek,Creature,Brandon Hunt
Aubade the Grim,Creature,Marko Fiedler
Terms of Redress,Action,Gong Studios
Bramble Lynx,Creature,Natalie Russo
"Panpaca, Jaga",Creature,Liiga Smilshkalne
Bulleteye,Creature,Gong Studios
The Grey Rider,Creature,Michele Giorgi
Bordan the Redeemed,Creature,Gabriela Marchioro
Captain No-Beard,Creature,Chris Bjors
Observ-u-Max,Upgrade,Vladimir Zyrianov
First Officer Frane,Creature,Gabriel Zanini
Brend the Fanatic,Creature,Djib
Dark Faerie,Creature,Girma Moges
Kindrith Longshot,Creature,Josh Corpuz
Daughter,Creature,Roman Semenenko
Director of Z.Y.X.,Creature,Radial Studio
Lesser Oxtet,Creature,Monztre
Vespilon Theorist,Creature,Ameen Naksewee
Mack the Knife,Creature,Anzka Nguyen
Nightforge,Action,Ivan Frolov
Absolve,Action,Arif Wijaya
Belcher,Artifact,Allefer Souza
Iron Obelisk,Artifact,Andrew Bosley
Wild Wormhole,Action,Ivan Tao
Vineapple Tree,Artifact,Roman Semenenko
Waste Not,Action,Bogdan Tauciuc
Harmal Atoon,Creature,Michele Giorgi
Restringuntus,Creature,Timur Shevtsov
Ceaseforge,Artifact,Gong Studios
Memorialize the Fallen,Action,Sonderflex Studio
Hayyel the Merchant,Creature,Quentin de Warren
Round Table,Artifact,Gong Studios
Æmbitrage,Artifact,Colin Searle
Holo-Camo,Upgrade,Hudson Chagas
Ancient Battleground,Artifact,Caravan Studio
Cloudburst Command,Artifact,David Otálora
Gatekeeper,Creature,Grigory Serov
Skeleton Key,Artifact,Grigory Serov
Opportunist,Upgrade,David Keen
Drumble,Creature,Mariusz Gandzel
Lilithal,Creature,Mihai Radu
Lightbringer Outpost,Artifact,BalanceSheet
Shifting Battlefield,Action,Ivan Tao
Shard of Hope,Artifact,Andreas Zafiratos
Unguarded Camp,Action,Jon Bosco
Wail of the Damned,Action,Radial Studio
Xenotraining,Action,Regis Torres
Nagoo Yani,Creature,Leo Sá
Urxym the “Diplomat”,Creature,Ira Fidler
The Long Con,Artifact,Allisson Ricardo
Keyforgery,Artifact,Alena Medovnikova
The Second Mouse,Prophecy,Diego Mattos
Biomatrix Backup,Upgrade,Caravan Studio
Into the Warp,Action,Scott Schomburg
Cauldron,Artifact,Aitor Prieto
Bait and Switch,Action,Gong Studios
Corner the Market,Action,Djib
Curse of Forgetfulness,Artifact,Mariana Ennes
Drummernaut,Creature,Monztre
Magda the Rat,Creature,Sasha Tudvaseva
Custom Virus,Artifact,Regis Torres
Collector Worm,Creature,Caio Monteiro
Experimental Therapy,Upgrade,Gong Studios
Life for a Life,Action,Nasrul Hakim
Offering to Kiligog,Artifact,Alexey Iavtushenco
Tendrils of Pain,Action,Timur Shevtsov
Yipyax Abductor,Creature,Mad Boogie Creations
Recycler,Creature,Evander Ravanelli
Zealot,Token Creature,Kaion Luong
Savant,Token Creature,Bruno Rosal
Dodger’s 10,Gigantic Creature Base,Allison Rick / Felipe Gallo
Paragon,Token Creature,Allisson Ricardo
Hypothesize,Action,Von Milano
Inevitable Decay,Action,Allisson Ricardo
Cognitive Assumptions,Action,Marcelo Goncevatt
Slipshot,Creature,Allefer Souza
Aerialist,Token Creature,Von Milano
Incensed,Action,Matheus Schwartz
Iyxrenu the Clever,Creature,JoeP
Saucer 149,Creature,BalanceSheet
Anvil Crawler,Creature,Davey Baker
Skipper Hukŏ,Creature,Brian Adriel
Jahneerie,Creature,Ronnie Price II
Parabyte,Creature,Leandro Notado
Paradrone,Creature,Hudson Chagas
Portal Guardian,Creature,Marko Fiedler
Summoned Counsel,Creature,Tumo D Mere
Titan Apparition,Creature,Olga Zhgirovskaya
Connectome Transfer,Action,Arthur Magalhaes
Intentional Discharge,Action,Ira Fidler
De-Animator,Creature,Mateusz Mizak
Nautilus,Creature,Angga Dwipayana
Placeholder,Action,David Otálora
Donor Vox,Creature,Marcelo Goncevatt
Root Access,Action,Brian Adriel
Crimson Dax,Creature,Ira Fidler
Synwyx the Bold,Creature,Ira Fidler
Colossipede,Creature,Von Milano
Impzilla,Creature,Anderton Oliveira
Black Tempest,Creature,Scott Schomburg
Edge of the World,Action,Julia Alentseva
Pirate Champion,Creature,Albert Fernández
Treasure Island,Artifact,Davey Baker
Viscount of Aerys,Creature,David Otálora
Nantucket,Creature,Scott Schomburg
Redline Rotation,Action,Sonderflex
Third of Cliff,Creature,Paris Ioannou
Transmuting Lift,Upgrade,Pedro Messias
Fancy Donavon,Creature,Allefer Souza
Grat Tattuu,Creature,Allefer Souza
Distributor Janŏŏnt,Creature,Allefer Souza
Haunting Deck,Action,Franklin Fernandes
Flint’s Map,Artifact,Sonderflex
Zealot’s Revelation,Action,David Auden Nash
Flint’s Legend,Action,Sonderflex
Aero O’Fore,Creature,Shady Khoury
Minerva’s Wings,Upgrade,Marko Fiedler
Resurgence,Action,Tomek Larek
Pied Viper,Creature,JoeP
Dino-Thief,Creature,Mihai Radu
Akugyo,Creature,Scott Schomburg
Alien Puffer,Creature,Davey Baker
Blue Æmberdrake,Creature,Davey Baker
Falcron,Creature,Davey Baker
Grinder Swarm,Creature,Jeferson Cordeiro
Grizzled Wyvern,Creature,Von Milano
Hungry Hippogriff,Creature,Kian Reglos
Lancet,Creature,Kaion Luong
Naja,Creature,Allefer Souza
Rorqual,Creature,Julia Alentseva
Screeyan,Creature,Diego Mattos
Sentient Cloud,Creature,Santi Bosch
Titanarpon,Creature,Anderton Oliveira
Tyrannus Aquilae,Creature,Franklin Fernandes
Volax,Creature,Kaion Luong
Yellow Æmberdrake,Creature,Davey Baker
Go Forth and Conquer,Prophecy,Allefer Souza
Look How Far You’ve Come,Prophecy,Angelo Adonis Chavez
Trust Your Feelings,Prophecy,Bruno Rosal
Treat Each Action as Your Last,Prophecy,Santi Bosch
Signs Point to Yes,Prophecy,Tony Cromo
Charitable Herald,Creature,David Otálora
Interdimensional Graft,Action,Konstantin Turovec
Anahita the Trader,Creature,Iqnatius Budi
Recovery Operation,Action,Leo Sá
Bleă-Fŏrh,Creature,Mad Boogie Creations
Empowered Zark,Creature,David Otálora
Haunting Measures,Action,Jeff Lourenso
Parasitic Charge,Action,Jeff Lourenso
Oŏni-Lars,Creature,Mad Boogie Creations
Fiat Transcoder,Artifact,Mad Boogie Creations
The Cards Will Tell,Prophecy,Angel Adonis Chavez
The Early Bird,Prophecy,Franklin Fernandes
Wasteful Regret,Prophecy,Fábio Mota
Anger,Action,Melvin Chan
Autocannon,Artifact,Moh Mukhtar
Han Peregrine,Creature,David Otálora
Bit Byte,Creature,Jeferson Cordeiro
Extrematode Infection,Upgrade,Chris Bjors
Precision Striker,Creature,Von Milano
Relativity Imp,Creature,Paolo Puggioni
Imperium,Action,Alena Medovnikova
Too Low,Action,MadBoogie Creations
Vial of Mutation,Action,Marcelo Goncevatt
"Tails, You Lose",Prophecy,Ilham Zaka
Spade Teller,Creature,Bruno Rosal
Malifi Dragon,Creature,David Otálora
Driving Courage,Action,Paolo Puggioni
Namel’s Confession,Action,Anderton Oliveira
A Gift of Æmber,Action,Allefer Souza
Galactic Census,Action,Gong Studios
Carrion Wyrm,Creature,MadBoogie Creations
Punch,Action,Ivan Tao
Instant Transmission,Artifact,Franklin Fernandes
Sedimentary Nap,Action,Michael Angelo Dulay
Mercurial Wormhole,Action,Sonderflex Studio
Zeff “Punch” Yardus,Creature,Jeferson Cordeiro
Brutal Consequences,Action,Sonderflex Studio
Chonk Evermore,Action,MadBoogie Creations
Eddy of Dis,Action,Leo Sá
Reassembly Required,Action,MadBoogie Creations
Refit,Action,Sonderflex Studio
Blood Money,Action,Gong Studios
Ammonia Clouds,Action,BalanceSheet
Covetous Idol,Artifact,Evander Ravanelli
Fog Murmook,Creature,Kaion Luong
Spendthrift,Action,Franklin Fernandes
Professor Scruples,Creature,Brian Adriel
Rat Pixie,Creature,Kaion Luong
Degenerate Decor,Action,The Raid Fox
Parasitic Arachnoid,Creature,Joep
Gaius,Creature,David Otálora
Chanel the Wise,Creature,Brian Adriel
Reservist Jones,Creature,Sonderflex Studio
Rage Reset,Action,Brolken
Captain Cha,Creature,Marcelo Goncevatt
Fallguy,Creature,Herbert Dariel
Fallen Sovereign,Creature,Olga Zhgirovskaya
Wounds Into Wisdom,Prophecy,Marcelo Goncevatt
Zenzizenzizenzic,Creature,Fábio Perez
Æmberfin Shark,Creature,John Silva
Longfused Mines,Artifact,Gong Studios
Zap,Action,Colin Searle
Broken Intent,Action,Shady Curi
Seda the Sleeper,Creature,Tuttee Dino
Drastic Measures,Action,Mad Boogie Creations
Rotting Mist,Action,VictorG.Art
Further Testing Needed,Action,Tony Cromo
Ripper Jack,Creature,Davi Comodo
Tur-bo-prop,Creature,Alisson Ricardo
Techno-Shade,Creature,Jeyson Lourenço
Dazed and Confused,Action,Jeyson Lourenço
3LL-I0T,Creature,Jorge Ramos
Tormented Badge,Artifact,Fábio Mota
Greedy Reprisal,Action,Sonderflex Studio
Dissonant Chord,Action,Shady Curi
Fate Laughs at Your Plans,Prophecy,Allefer Souza
Crystalline Harvest,Action,Jeyson Lourenço
Knockback,Action,Marko Fiedler
Gone Pear Shaped,Action,Jeyson Lourenço
It Only Gets Worse,Prophecy,Sonderflex Studios
Disabled Security,Action,Allefer Souza
"Marcella, the Younger",Creature,Natalie Russo
Forge Ahead With Confidence,Prophecy,Ronnie Price II
Grave Bounty,Action,MadBoogie Creations
Parallel Thinking,Action,Alecksander Ribeiro
Ifraneye,Creature,Shady Curi
Ox Sarbane,Creature,Julia Alentseva
Windrow Composting,Action,Diego Mattos
Sil-A-T8,Creature,Julia Alentseva
Nectarcyte,Creature,Jordi Rapture
Yondar’s Log,Action,Pedro Piazzarollo
Charette,Creature,Josh Corpuz
Raiding Knight,Creature,Caio Monteiro
Old Bruno,Creature,Rodrigo Camilo
Grey Aberrant,Creature,Jordi Rapture
Sonic Waver,Artifact,VictorG.Art
Indignant Tone,Action,MadBoogie Creations
Paleogene Society,Action,VictorG.Art
Æmbermancy,Action,Tomek Larek
Hoodwink,Action,Hygor Domingues
Expect the Unexpected,Prophecy,JoeP
Mogg,Creature,Allefer Souza
Coup de Grâce,Action,David Otálora
Strategic Feint,Action,JoeP
Untrum’s Serenity,Action,Ilham Zaka
Vivid Faerie,Creature,Von Milano
Against All Flags,Action,David Otálora
Invigorating Shower,Action,Julia Alentseva
Abandon Ship,Action,Roman Semenenko
Worthy Adversaries,Action,JoeP
Power Up,Action,Jeferson Cordeiro
Wild Grumpus,Creature,JoeP
Flarie,Creature,Julia Alentseva
Emerald Duelist,Creature,Xavi Planas
Even Ivan,Creature,Hans Krill
Burning Glare,Action,BalanceSheet
Digital Signal,Action,The Raid Fox
Trade Blows,Action,Herbert Dariel
Porter Cilla,Creature,Anderton Oliveira
Collective Calm,Artifact,Allan Santos
Agamignus,Creature,Xavi Planas
Antanagoge,Creature,Leonardo Sá
Cover Fire,Action,Fábio Mota
Designer Crick,Creature,VictorG.Art
Exotic Pivot,Action,Evander Ravanelli
Growland,Creature,Tony Cromo
Salvay,Creature,Jeferson Cordeiro
Ruthless Avenger,Creature,Nicholas Hoe
Thoughtcatcher,Creature,Felipe Gonalves
Sacro-Alien,Creature,Colin Searle
Break of Dawn,Action,Sonderflex Studio
Salvatorem,Artifact,Hans Krill
Lightbearer Kelvin,Creature,Kaion Luong
Atrocity,Creature,Ilham Zaka
Governor Gridelk,Creature,Jeyson Lourenço
"Heads, I Win",Prophecy,Ilham Zaka
Brigadier Ols,Creature,Nino Vecia
Dr. Verokter,Creature,Gong Studios
Reiteration,Action,Tuttee Dino
Archlegate Valeria,Creature,Von Milano
Luminous Boom,Action,Marko Fiedler
Dame Margaret,Creature,Joep
Beam of Forgetting,Action,Ivan Tao
Puzzling Trinket,Artifact,Nino Vecia
Galactic Tariff,Upgrade,Ilham Zaka
Encounter Golem,Creature,Hendry Iwanaga
Jayne the Bard,Creature,Alecksander Ribeiro
Sir Jaune,Creature,Sonderflex Studio
Tormax,Gigantic Creature Base,David Otálora
Library Access,Action,Atha Kanaani
Tomes Gigantica,Action,Paris Ioannou
Oblivion Knight,Creature,Alecksander Ribeiro
Divine Seal,Action,Marko Fiedler
Sirs Colossus,Gigantic Creature Base,JoeP
Bandit Culver,Creature,Herbert Dariel
Governess Silvina,Creature,VictorG.Art
Omega TT,Creature,Marko Fiedler
Heavyweight Morik,Creature,Jamby Baña
Skorpeon,Creature,Tuttee Dino
Stars Aligned,Prophecy,Gabriel Fecury
Benny,Creature,Tony Cromo
Conclave Witch,Creature,Brian Adriel
Forged Bolt,Action,Mad Boogie Creations
Kerwollop,Action,Ivan Tao
Experiment Q,Creature,Shady Curi
Heart of Steel,Action,Julia Alentseva
Lok the Corruptor,Creature,Franklin Fernandes
Hot Bunk,Action,Mad Boogie Creations
Edifice for Mars,Action,David Otálora
Cursed Tomb,Artifact,Basithlbrahim
4CR “Foreseer”,Creature,JoeP
Omicron Callen,Creature,David Otálora
Digitallia,Creature,Olga Zhgirovskaya
Rufus Vergilius,Creature,David Otálora
Strug,Creature,Bruno Rosal
Sic Semper Tyrannosaurus,Action,Nicholas Gregory
Chummy,Creature,JoeP
Benevolent Charity,Action,VictorG.Art
Traumatic Echo,Action,Levi Cristiano
Neotechnic Gopher,Creature,Angga Dwipayana
"Plancina, Hidden Agent",Creature,Bruno Mello
"Oh, You Shouldn’t Have!",Action,Lara Melo
Hazard Zerp,Creature,Kaion Luong
Grey Warden,Creature,Hygor Domingues
Rack of Redemption,Artifact,Pedro Piazzarollo
Gleaming the Cube,Action,Herbert Dariel
Resonant Orb,Creature,The Raid Fox
Chasm Vespid,Creature,Olga Zhgirovskaya
Lorica Infantry,Creature,Alecksander Ribeiro
Burnished Nickles,Creature,Xavi Planas
Outlook Not So Good,Prophecy,Sonderflex Studios
Bondsman Belvan,Creature,Jeferson Cordeiro
The End is Nigh,Prophecy,Jordi Rapture
Redeem the Crucible,Action,The Raid Fox
Dark Influence,Action,Xavi Planas
DAL-33-T3R,Creature,Kaion Luong
Tealnar,Creature,Joep
Publius Scipio,Creature,Marcelo Goncevatt
Consult the Bones,Action,Luisa Costa
Ask Again Later,Prophecy,Tony Cromo
Lithomancy,Artifact,Alecksander Ribeiro
Envious Venomite,Creature,Leo Sá
Prince Bufo,Creature,Olga Zhgirovskaya
Bad Omen,Prophecy,Raimundo  Souza
Overreach,Prophecy,Sonderflex Studios
Ascendant Hester,Gigantic Creature Base,Davey Baker
Dominator Bauble,Artifact,Caravan Studio
Redhand Registry,Artifact,Chris Bjors
Loyalty Implants,Artifact,Filipe Laurentino
Tertiate,Action,Dong Cheng
Gorm of Omm,Artifact,Caravan Studio
Congregate,Action,Davey Baker
Radix of Suffering,Artifact,VictorG.Art
Xeno-Fiend,Creature,Grigory Serov
Glorious Tradition,Artifact,Kaion Luong
Dark Heart of the Forest,Artifact,Scott Schomburg
Sabira the Medium,Creature,Paris Ioannou
Journey Onward,Action,Brian Adriel
Doom Device,Artifact,Tony Cromo
Edict of Conscription,Artifact,Raimundo Souza
Incite Violence,Action,JoeP
Master Tashi,Creature,Shady Curi
Sir Lorcas,Creature,Jeferson Cordeiro
Stasis Nexus,Artifact,Davey Baker
Offering to Invidius,Action,Shady Curi
Poised Strike,Upgrade,Allefer Souza
Bellatoran Recruiter,Creature,Julia Alentseva
Garnet Squire,Creature,Jeyson Lourenço
Genetic Strain,Action,Paolo Puggioni
Beehemoth,Creature,Daniel Cotter
Cap Reigns,Creature,Angga Dwipayana
Bridge Officer Zaro,Creature,JoeP
Arcenomometer,Artifact,Anderton Oliveira
Thunk,Creature,Brian Adriel
Duskwitch,Creature,Eric Kenji Aoyagi
The Mist,Artifact,The Raid Fox
Auto-Legionary,Artifact,Mateusz Mizak
Unity Prism,Action,MadBoogie Creations
Brass Klein,Creature,Michael Angelo Dulay
Cosmic Recompense,Action,Sonderflex Studio
Gracchan Reform,Action,Bruno Rosal
Remmy’s Horror,Action,Olga Zhgirovskaya
Unstable Dale,Creature,JoeP
Feldar’s Plan,Action,Raimundo  Souza
Hamstrung,Action,Evander Ravanelli
Predatory Lending,Action,Marko Fiedler
Emeritus Darn,Creature,Angga Dwipayana
Penance of Balance,Action,Angelo Adonis Chavez
Ruination,Action,Franklin Fernandes
Endurance,Creature,Brian Adriel
Master Rabten,Creature,Sonderflex Studio
Perfect Harmony,Action,Shady Curi
Pulse Cannon,Artifact,VictorG.Art
Laurel Wreath,Upgrade,Davi Comodo
Wheel of Fire,Upgrade,Brian Adriel
Katha the Wise,Creature,Marcelo Goncevatt
"Snarri, Warrior Poet",Creature,Franklin Fernandes
Honored Battlemaster,Creature,JoeP
Legate Scipio,Creature,Davey Baker
Decree of Primus,Action,Davey Baker
Long Way Home,Action,Davey Baker
Martian Propagandist,Creature,Davi Comodo
Stalwart,Creature,Davi Comodo
Chaos Imp,Creature,Diego Mattos
Novice Gelard,Creature,Sonderflex Studio
Special Agent Tnega,Creature,Tony Cromo
Prognosticating Witch,Creature,Jeferson Cordeiro
Born to Rock,Artifact,Sonderflex Studio
Curse of Forgery,Artifact,Raimundo Souza
Überking Tablets,Artifact,Franklin Fernandes
Praetorian Kentro,Creature,Davi Comodo
Badger,Creature,Kaion Luong
Circle of Power,Artifact,Kaion Luong
Render Guilt,Action,Sonderflex Studio
Stand and Fight,Action,Davey Baker
Administrator Pelith,Creature,Kaion Luong
Unleash the Beast,Action,Jeferson Cordeiro
Avarice,Upgrade,Tony Cromo
Enchanted Murmook,Creature,Marcelo Goncevatt
Way of the Crow,Upgrade,Jeferson Cordeiro
Doppelganger,Creature,Marko Fiedler
Arbiter Vyynx,Creature,Tuttee Dino
Aviatrix Virtuosa,Creature,Alisson Ricardo
Take a Break,Action,Alisson Ricardo
Wraith Construct,Creature,Mad Boogie Creations
Tranquil Reiner,Creature,Michael Angelo Dulay
Counterfeit Controversy,Action,Pedro Piazzarollo
Xeno-Bot,Creature,Colin Searle
Rooftop Laboratory,Artifact,Gong Studios
Dino-Alien,Creature,Colin Searle
C.R. Officer Hawkins,Creature,Gong Studios
Noxious Ionox,Creature,Jeff Lourenso
Tsunami,Action,Jeyson Lourenço
Digital Manipulation,Action,Michael Angelo Dulay
Help From Another Self,Action,Olga Zhgirovskaya
Flint’s Stash,Artifact,Sonderflex
Ditch the Loot,Action,Mad Boogie Creations
Allusions of Grandeur,Action,Diego Gisbert
Infomancer,Creature,Francisco Badilla
The Constant,Artifact,Evander Ravanelli
Timequake,Action,Jessada Sutthi
All Are Mars,Artifact,David Otálora
Holographic Banshee,Creature,Alisson Ricardo
Barrel Roll,Action,Jeff Lourenso
Arcane Relief,Action,Jeff Lourenso
Priestess Leilani,Creature,Mad Boogie Creations
Honorable Abagnale,Creature,Jordi Rapture
Slapdash Enamel,Artifact,Mad Boogie Creations
Jeen Peary,Creature,Jeyson Lourenço
Kaipo,Creature,Jeyson Lourenço
"Zartoo, the Swift",Creature,Tuttee Dino
Pincher Malloy,Creature,Jordi Rapture
Xeno-Knight,Creature,Andreas Zafiratos
CPO Zytar,Creature,Leandro Franci
[REDACTED],Artifact,Grigory Serov
Book of leQ,Artifact,Natalie Russo
Eater of the Dead,Creature,Jacob Atienza
Avenging Aura,Action,Brian Fajardo
1-2 Punch,Action,Gabriel Rubio
Red-Hot Armor,Action,Caravan Studio
One Last Job,Action,Gong Studios
Empyrean Charge,Action,Ira Fidler
Delta P,Action,Klyde Sosa
Begone!,Action,Quentin de Warren
Clonal Witch,Creature,David Otálora
Creeping Oblivion,Action,Andrew Bosley
Drosera Relic,Artifact,VictorG.Art
Customs Office,Artifact,Gong Studios
Reverse Time,Action,Gong Studios
Truebaru,Creature,Nicholas Gregory
Heed the Horde,Action,Sonderflex Studio
Ritual of the Hunt,Artifact,Caravan Studio
Deipno Spymaster,Creature,Gong Studios
Faygin,Creature,Preston Stone
Harmonic Ritual,Action,Michele Giorgi
Ortannu the Chained,Creature,Brolken
Lictor Justinian,Creature,Shady Curi
Giant Gnawbill,Creature,Adam Vehige
Finishing Blow,Action,Maria Poliakova
Flying Broomstick,Upgrade,Andreas Zafiratos
Relegated Relics,Action,Sonderflex Studio
Punctuated Equilibrium,Action,Jessé Suursoo
Vesuvius Dome,Artifact,Angelo Adonis Chavez
Infernal Terran,Creature,Shady Khoury
J.O.N. Cargo,Creature,Radial Studio
Mantle of the Zealot,Upgrade,Caravan Studio
Sleight,Creature,Sonderflex Studio
Plublio’s Decree,Action,Bruno Rosal
The Corpulent Collector,Creature,Flaviano Pivoto
Scout,Action,Caravan Studio
Snaglet,Creature,Michele Giorgi
Stampede,Action,David Auden Nash
The Vaultkeeper,Creature,Grigory Serov
Tachyon Pulse,Action,Jessé Suursoo
Tectonic Shift,Action,Hans Krill
We Can ALL Win,Action,Adam Schumpert
Ultra Gravitron,Gigantic Creature Base,Colin Searle
Hold the Line,Action,Chris Bjors
Heavy Adornment,Upgrade,Xavi Planas
Lord Golgotha,Creature,Ilya Bondarenko
Embellish Imp,Creature,Natalie Russo
Uncharted Lands,Artifact,Alyn Spiller
Azrael,Creature,David Otálora
City Gates,Artifact,Tomek Larek
Eclectic Ambrosius,Creature,Konstantin Turovec
Psychic Bug,Creature,Gong Studios
Manchego,Creature,Caravan Studio
Corrode,Action,Felipe Martini
Ornate Remuneration,Action,Herbert Dariel
Stenter’s Formula,Action,Anderton Oliveira
Random Access Archives,Action,Gong Studios
Cursed Loot,Artifact,MadBoogie Creations
Tome of Abatement,Artifact,Franklin Fernandes
CWO Tucheay,Creature,Julia Alentseva
Enlist Numeri,Action,Michele Giorgi
Patronage,Action,Girma Moges
Imperial Forge,Action,Caravan Studio
Soul Lock,Artifact,Alecksander Ribeiro
Solo,Creature,Leo Sá
A Fair Game,Action,Andrew Bosley
Ransom,Upgrade,Brandon Hunt
Skippy Timehog,Creature,Gong Studios
Kasheek Fall,Action,Angga Dwipayana
Shakedown Sullivan,Creature,Djib
Charge!,Action,Oscar Römer
Sack of Coins,Action,Rodrigo Camilo
Trenk’s Creed,Action,Gabriel Fecury
Ragatha,Creature,Brian Adriel
The Promised Blade,Artifact,Matheus Schwartz
Cryptic Collapse,Action,Angga Dwipayana
Purifier of Souls,Creature,Tomek Larek
Mickey the Carver,Creature,Sonderflex Studio
One Stood Against Many,Action,Agri Karuniawan
Primus Unguis,Creature,Grigory Serov
Oracle Zan,Creature,MadBoogie Creations
Scylla,Creature,Caio Monteiro
Kaju Zhan,Creature,David Otálora
Psionic Officer Lang,Creature,Lorena Lammer
Mother Northelle,Creature,Andrew Bosley
Grimlocus Dux,Creature,Grigory Serov
Project Z.Y.X.,Creature,Timur Shevtsov
Jervi,Creature,Leo Sá
Perilous Wild,Action,Caravan Studio
Hadrianus Lorica,Creature,Leo Sá
Doomsayer,Creature,Von Milano
Cyber-Clone,Creature,BalanceSheet
Corrosive Monk,Creature,David Otálora
Rigged Lottery,Action,Marko Fiedler
Chonkers,Creature,Michele Giorgi
Word of Returning,Action,Maria Poliakova
Vault of Redemption,Artifact,Kaion Luong
"Treok, The Wise",Creature,Von Milano
Thermal Depletion,Action,Tuttee Dino
Ignitus,Creature,Michael Angelo Dulay
Lateral Shift,Action,Andreas Zafiratos
Routine Job,Action,Gong Studios
Memolith,Artifact,Francisco Badilla
Phantasm Cloak,Upgrade,Alisson Ricardo
Cosmicrux,Creature,Michael Angelo Dulay
"Nizak, The Forgotten",Creature,Nicola Saviori
Cacophonous Riot,Action,Ilham Zaka
Lambent Mycelium,Creature,MadBoogie Creations
Cladogenesis,Action,Jeferson Cordeiro
Drag to Your Doom,Action,Alexandre Leoni
Dark Æmber Vault [shadows],Artifact,Dany Orizio
Dark Æmber Vault [saurian],Artifact,Dany Orizio
Redeemer Amara,Creature,Allisson Ricardo
The Common Cold,Action,Quentin de Warren
Fuzzy Gruen,Creature,Adam Vehige
Ambassador Liu,Creature,Mateusz Mizak
Dark Æmber Vault [untamed],Artifact,Dany Orizio
Uplink,Upgrade,Caravan Studio
Spare Arm Carmine,Creature,JoeP
Safe Port,Action,Xavi Planas
Narplet,Creature,Kaion Luong
Dreadstarr the Lone,Creature,Allefer Souza
Shark Bait,Action,Albert Fernández
Imperial Road,Artifact,BalanceSheet
Looping Dirge,Action,Michael Angelo Dulay
Administrator Rivet,Creature,Jeferson Cordeiro
Alpha-Gamma,Token Creature,Jeferson Cordeiro
Chronicler,Token Creature,Bruno Rosal
Wind Shield,Upgrade,Hudson Chagas
Incubation Chamber,Artifact,BalanceSheet
Titanic Maw,Upgrade,Radial Studio
Dr. Westing,Creature,Brian Adriel
Sample 42-C,Artifact,Ilham Zaka
Auto-Autopsy 2.1,Artifact,Brian Adriel
Snare,Token Creature,Michael Angelo Dulay
Spydrone,Token Creature,Von Milano
Survival of the Richest,Action,Brian Adriel
Titan Outpost,Artifact,Ira Fidler
Steadfast Commitment,Action,Kaion Luong
Swift Induction,Action,Allisson Ricardo
Fierce Competition,Action,Leandro Notado
Cleaner,Token Creature,JoeP
Prowler,Token Creature,Adrien Martinez
Hock,Action,Colin Searle
Spartasaur,Creature,Michele Giorgi
Kymoor Outpost,Artifact,Ira Fidler
Corsair,Token Creature,Julia Alentseva
Niffle Sanctuary,Artifact,JoeP
Troop Call,Action,Caravan Studio
Code Monkey,Creature,Fábio Perez
Dysania,Creature,Gong Studios
Knowledge is Power,Action,Gong Studios
Memory Chip,Artifact,Gabriela Marchioro
Soul Vial,Artifact,Jason Juta
Scaethe,Creature,Angelo Adonis Chavez
Shikari,Creature,Tuttee Dino
Drecker,Creature,Diego Machuca
Data Forge,Action,Jason Juta
Murkens,Creature,Bogdan Tauciuc
Beyond All Darkness,Action,Julio de Carvalho
Shadow Self,Creature,Preston Stone
Key Abduction,Action,Caravan Studio
Technorachnophobia,Action,BalanceSheet
War of the Worlds,Action,BalanceSheet
Mark of Dis,Action,Fábio Perez
Mindfire,Action,Marko Fiedler
Red Æmberdrake,Creature,Davey Baker
The Red Death,Creature,BalanceSheet
The Forsaken,Creature,Bruno Rosal
Bump in the Night,Action,Davi Comodo
Umwas,Creature,Klyde Sosa
Golis Artificer,Creature,Allefer Souza
Admirable Neophyte,Creature,Jeferson Cordeiro
Suzerain,Creature,Djib
Big Sal,Creature,JoeP
Wrecker,Token Creature,Jeferson Cordeiro
Watched Closely,Upgrade,Brian Adriel
Balaenora,Creature,Kian Reglos
Cover Operation,Action,Ira Fidler
Hunter of Legend,Upgrade,Brian Adriel
The Amasser,Creature,Bruno Rosal
Spinnertech,Creature,Allisson Ricardo
The Twin Lamps,Action,David Alunan
Beta-Forge,Artifact,Jeferson Cordeiro
Behold Its Grandeur,Action,Marc Escachx
Wrangler,Token Creature,Kian Reglos
Twilight Pixie,Token Creature,Von Milano
Phantasm,Token Creature,Leandro Notado
Yardbird,Token Creature,Brian Adriel
Lurking Hob,Creature,Allefer Souza
Practical Methods,Action,Bruno Rosal
Vindication Outpost,Artifact,Michael Angelo Dulay
Sidekick,Creature,Davi Comodo
Sentinel,Token Creature,Jeferson Cordeiro
Unbinding,Action,Bruno Rosal
Defense Initiative,Action,Konstantin Porubov
Trading Frenzy,Action,Dany Orizio
Poison Wave,Action,Gong Studios
Mug,Action,Matheus Schwartz
Stealth Mode,Action,BalanceSheet
Mind Over Matter,Action,Grigory Serov
Rakuzel’s Chant,Action,Ivan Tao
First Blood,Action,Brolken
Remote Access,Action,Michele Giorgi
Forging an Alliance,Action,Chris Bjors
Rapid Evolution,Action,Roman Semenenko
De-escalation,Action,Mike Parker
Be Our Geist,Action,Dany Orizio
Infighting,Action,Felipe Gonçalves
Regrowth,Action,Bogdan Tauciuc
Warsong,Action,Monztre
Sample Collection,Action,Gong Studios
Shatter Storm,Action,Andrew Bosley
Tide Down,Action,Alexandre Leoni
Hammer-gram,Action,Ivan Tao
Stir-Crazy,Action,Diego Gisbert
Bouncing Deathquark,Action,Jason Juta
Pestering Blow,Action,Michele Giorgi
Archon’s Callback,Action,Hans Krill
Glorious Few,Action,Mateusz Mizak
Plunder,Action,Hans Krill
Symposium,Action,Marko Fiedler
Savage Clash,Action,Natalie Russo
Glimmerspore,Action,BalanceSheet
Total Recall,Action,Caravan Studio
Call of the Void,Action,Radial Studio
Soft Landing,Action,Randall Mackey
Mighty Lance,Action,Gong Studios
Virtuous Works,Action,Moh Mukhtar
Hidden Stash,Action,Caravan Studio
Chant of Hubris,Action,Caravan Studio
Fogbank,Action,Andrew Bosley
Nocturnal Maneuver,Action,Atha Kanaani
Inspiring Oration,Action,Asep Ariyanto
The Witching Hour,Action,Natalie Russo
Stratosmack,Action,Chris Bjors
Grasping Vines,Action,Adam Vehige
Extinction,Action,Natalie Russo
Abyssal Sight,Action,Caravan Studio
Watch Your Step,Action,Ghais Ramadhani
Double Doom,Action,Mateusz Mizak
Flash Freeze,Action,Brian Fajardo
Event Horizon,Action,Victor Negreiro
Recorded History,Action,Mateusz Mizak
Pax Sauriana,Action,Andreas Zafiratos
Sunk Cost,Action,Vladimir Zyrianov
Hand of Dis,Action,Mariusz Gandzel
Final Analysis,Action,Borja Pindado
Think Twice,Action,JB Casacop
Nerve Blast,Action,Timur Shevtsov
Mimicry,Action,Gong Studios
Unsuspecting Prey,Action,Regis Torres
Security Detail,Action,Scott Schomburg
Blatant Thievery,Action,Michele Giorgi
Dark Discovery,Action,Alexandre Leoni
Hecatomb,Action,Mariusz Gandzel
Scientists’ Bane,Action,Gong Studios
Grand Melee,Action,Ivan Tao
Three Fates,Action,Andreas Zafiratos
Assert Dominance,Action,Adam Vehige
Scrambler Storm,Action,Radial Studio
Strange Ordination,Action,Brian Fajardo
Ecto-Charge,Action,BalanceSheet
Overrun,Action,Monztre
Guilty Hearts,Action,Grigory Serov
Phase Shift,Action,Konstantin Turovec
Dragnet,Action,Patrick McEvoy
Devour Whole,Action,bimawithapencil
Unity or Discord,Action,Alexandre Leoni
It’s Coming... [untamed],Action,Brolken
Unlocked Gateway,Action,Sean Donaldson
Gizelhart’s Wrath,Action,Chris Bjors
Groundbreaking Discovery,Action,Gong Studios
Fertility Chant,Action,Quentin de Warren
Cultural Exchange,Action,Edgar Hidalgo
Fight to the End,Action,Hypersteve
Market Crash,Action,Flaviano Pivoto
Storm Surge,Action,Marko Fiedler
Orb of Invidius,Artifact,Timur Shevtsov
Airlock,Artifact,Alexandre Leoni
Mechabuoy,Artifact,Vladimir Zyrianov
Creed of Nurture,Artifact,David Auden Nash
Monument to Faust,Artifact,Natalie Russo
Spike Trap,Artifact,Jessé Suursoo
General Order 24,Artifact,Alexandre Leoni
Curia Saurus,Artifact,BalanceSheet
The Ulfberht Device,Artifact,David Tenorio
Masterplan,Artifact,Gong Studios
Subtle Maul,Artifact,Gong Studios
Universal Recycle Bin,Artifact,Colin Searle
Special Delivery,Artifact,Preston Stone
Whirlpool,Artifact,Monztre
Essence Scale,Artifact,Grigory Serov
The Mysticeti,Artifact,Mateusz Mizak
Dark Æmber Vault [logos],Artifact,Dany Orizio
Haunted House,Artifact,BalanceSheet
Election,Artifact,Borja Pindado
Doom Sigil,Artifact,Sean Donaldson
Niffle Grounds,Artifact,Gabriel Rubio
Colonist Chapman,Creature,Kristina Kolesnikova
Beware the Ides,Action,Nicholas Gregoryb
Relentless Whispers,Action,Tey Bartolome
Came Back Wrong,Action,Chris Bjors
It’s Coming... [saurian],Action,Brolken
Dredge,Action,Marko Fiedler
Quicksand,Action,Hans Krill
Make It So,Action,Brandon Hunt
Photon Blast,Action,Chris Bjors
Catch and Release,Action,Marko Fiedler
Heal or Harm,Action,Dany Orizio
Phalanx Strike,Action,Caravan Studio
Gravid Cycle,Action,Natalie Russo
Not Finished with You,Action,Grigory Serov
Don’t Believe Your Eyes,Action,Diego Mattos
Retribution,Action,Nino Vecia
Trial by Water,Action,Chris Bjors
Crimson Churning,Action,Ilham Zaka
Lifeweb,Action,Konstantin Turovec
Destroy Them All!,Action,BalanceSheet
Phosphorus Stars,Action,Gabriel Rubio
Irradiated Æmber,Action,Caravan Studio
Favor of Rex,Action,Caravan Studio
Battle Fleet,Action,BalanceSheet
Boo!,Action,Michael Angelo Dulay
Hit and Run,Action,Alena Zhukova
They’re Everywhere!,Action,Brolken
Orbital Bombardment,Action,Ameen Naksewee
Request Donations,Action,David Auden Nash
Cement Shoes,Action,Flaviano Pivoto
Subtle Chain,Action,Gong Studios
Sink or Swim,Action,Milica Čeliković
Brain Drain,Action,Leandro Franci
Till the Earth,Action,Scott Schomburg
Terrible Teammates,Action,Marko Fiedler
Pound,Action,Bogdan Tauciuc
Quintrino Flux,Action,Michele Giorgi
Crop Circles,Action,Jason Juta
Information Exchange,Action,Nasrul Hakim
Vandalize,Action,Marco Tamura
Scooped,Action,Lucas Firmino
Strength from Diversity,Action,Jorge Ramos
Hypnobeam,Action,Fábio Perez
The Circle of Life,Action,Tey Bartolome
Hunter or Hunted?,Action,Caravan Studio
Mind Barb,Action,Grigory Serov
Growth Surge,Action,Tomek Larek
EMP Blast,Action,Gong Studios
Mars Needs Æmber,Action,David Auden Nash
Renewed Life,Action,Caravan Studio
Sucker Punch,Action,David Auden Nash
Beasts’ Bane,Action,Gong Studios
Genetic Drift,Action,Liiga Smilshkalne
Mutation of Fury,Action,Leandro Franci
Genetic Blast,Action,Lucas Firmino
Perplexing Sophistry,Action,Felipe Martini
Grand Alliance Council,Action,Borja Pindado
Cup of Water,Action,Marko Fiedler
Dimension Door,Action,Gong Studios
Good of the Many,Action,Gong Studios
The Fittest,Action,Alexandre Leoni
Throwing Stars,Action,Natalie Russo
Sleep with the Fishes,Action,Alexandre Leoni
Squire Recruitment,Action,Chris Bjors
Banish,Action,Michele Giorgi
Blast from the Past,Action,Brolken
Diplo-Macy,Action,Marko Fiedler
Particle Sweep,Action,BalanceSheet
Dirge of the Deep,Action,Michele Giorgi
Exhume,Action,Brolken
Crystal Surge,Action,Konstantin Porubov
Hornswoggle,Action,Tomek Larek
Clear Mind,Action,Gong Studios
Regrettable Meteor,Action,Francisco Badilla
Triumph,Action,Alena Medovnikova
Dive Deep,Action,Alexandre Leoni
Soldiers to Flowers,Action,Quentin de Warren
The Visible Hand,Action,Lucas Firmino
Thalassophobia,Action,Liiga Smilshkalne
Grisly Exchange,Action,Sonderflex Studio
Initiation,Action,Colin Searle
Entropic Swirl,Action,Natalie Russo
Hypoxia,Action,Chris Bjors
Eclectic Inquiry,Action,Fábio Perez
Song of Spring,Action,Regis Torres
Dance of Doom,Action,Mihai Radu
Smite,Action,John Silva
Commune,Action,Ronnie Price II
Tidal Trouble,Action,Ghais Ramadhani
Cutthroat Research,Action,Gabriela Marchioro
Stir Up Trouble,Action,Lucas Firmino
In Here Somewhere…,Action,Nasrul Hakim
Lights Out,Action,Tey Bartolome
Imperial Traitor,Action,Caravan Studio
Perimeter Alarm,Action,Scott Schomburg
Fling,Action,Scott Schomburg
Stomp,Action,Jessé Suursoo
Take Hostages,Action,Caravan Studio
Sow Salt,Action,Marc Escachx
Low Dawn,Action,Tomek Larek
Junk Restoration,Action,Basith lbrahim
Key of Darkness,Action,Konstantin Turovec
Call to Action,Action,Caio Monteiro
United Action,Action,David Auden Nash
Full Moon,Action,Randall Mackey
Plague Wind,Action,Scott Schomburg
Hadron Collision,Action,Brandon Hunt
Drawn Down,Action,Alexandre Leoni
Rant and Rive,Action,Angelo Bortolini
Tidal Wave,Action,Grigory Serov
Shopping Spree,Action,Caravan Studio
Pour-tal,Action,BalanceSheet
Master the Theory,Action,Sean Donaldson
Theory or Conjecture,Action,Colin Searle
Power of Fire,Action,Dany Orizio
Hoaxpitality,Action,Brian Adriel
Curse of Vanity,Action,Marko Fiedler
Muster,Action,Andreas Zafiratos
Teamwork,Action,Helena Butenkova
Imp-losion,Action,Mariana Ennes
Carpet Phloxem,Action,Gabriel Rubio
Blinding Light,Action,Hans Krill
Concussive Transfer,Action,Timur Shevtsov
Sagittarii’s Gaze,Action,Konstantin Porubov
Tendrils from Beyond,Action,BalanceSheet
Wrath or Ruin,Action,BalanceSheet
Washed Away,Action,Ivan Tao
Future is Past,Action,Brolken
Foggify,Action,Gabriel Rubio
Subdue,Action,Tomek Larek
Technobabble,Action,Jessé Suursoo
Unnatural Selection,Action,Tomek Larek
Preternatural Will,Action,Tomek Larek
Arm the Plebeians,Action,Alexandre Leoni
Rotfeast,Action,Tuttee Dino
It’s Coming... [logos],Action,Brolken
Backup Plan,Action,Colin Searle
Saury About That,Action,Marko Fiedler
Lost in the Wild,Action,Julia Alentseva
Purify,Action,Konstantin Porubov
Inspiration,Action,Konstantin Turovec
Save the Pack,Action,Quentin de Warren
Thin the Herd,Action,Marzena Piwowar
Science!,Action,Jessé Suursoo
Safe or Sorry,Action,Bogdan Tauciuc
Into the Abyss,Action,Marko Fiedler
Ostracize,Action,Edgar Hidalgo
Warriors’ Refrain,Action,Dong Cheng
Krrrzzzaaap!!!,Action,Radial Studio
Clone Home,Action,Mad Boogie Creations
Mælstrom,Action,Sean Donaldson
Hypnotic Command,Action,Andrew Bosley
Exile,Action,Gong Studios
Put in a Spin,Action,Ivan Tao
Spoo-key Charge,Action,Aitor Prieto
Circlespeak,Action,Colin Searle
Defend the Keyraken!,Action,Marc Escachx
Sloppy Labwork,Action,Hans Krill
Healing Blast,Action,Quentin de Warren
Future Booster,Artifact,Tommy Suhartono
Dark Æmber Vault [dis],Artifact,Dany Orizio
Bracchanalia,Artifact,Gong Studios
Quantum Fingertrap,Artifact,Marc Escachx
Evasion Sigil,Artifact,Gong Studios
Fangtooth Cavern,Artifact,Allon Kremer
The Flyin’ Specter,Artifact,Gong Studios
Brackish Shoreline,Artifact,Edgar Hidalgo
Nepeta Gigantica,Artifact,Tomek Larek
Arcane Transmitter,Artifact,Andreas Zafiratos
Frigorific Rod,Artifact,Alexey Iavtushenco
Whispering Reliquary,Artifact,Lorena Lammer
Amphora Captura,Artifact,Radial Studio
Plow-Sword,Artifact,Hilary Pursamasari
Haedroth’s Wall,Artifact,Andrew Bosley
ISS Indominus,Artifact,Vladimir Zyrianov
Pincerator,Artifact,Marko Fiedler